Consultas Relacionadas,Data de Extração,Periodo,Termo Buscado,Tipo,Top,Values
geladeira consul,13/09/2018 19:41,today 1-m,consul,Principais,1,100
geladeira,13/09/2018 19:41,today 1-m,consul,Principais,2,96
fogão consul,13/09/2018 19:41,today 1-m,consul,Principais,3,41
consul frost free,13/09/2018 19:41,today 1-m,consul,Principais,4,35
fogão,13/09/2018 19:41,today 1-m,consul,Principais,5,32
geladeira frost free,13/09/2018 19:41,today 1-m,consul,Principais,6,32
maquina de lavar,13/09/2018 19:41,today 1-m,consul,Principais,7,32
consul facilite,13/09/2018 19:41,today 1-m,consul,Principais,8,32
maquina de lavar consul,13/09/2018 19:41,today 1-m,consul,Principais,9,30
geladeira consul frost free,13/09/2018 19:41,today 1-m,consul,Principais,10,28
ar condicionado consul,13/09/2018 19:41,today 1-m,consul,Principais,11,27
ar condicionado,13/09/2018 19:41,today 1-m,consul,Principais,12,25
fogao consul,13/09/2018 19:41,today 1-m,consul,Principais,13,25
brastemp,13/09/2018 19:41,today 1-m,consul,Principais,14,24
microondas consul,13/09/2018 19:41,today 1-m,consul,Principais,15,23
electrolux,13/09/2018 19:41,today 1-m,consul,Principais,16,23
microondas,13/09/2018 19:41,today 1-m,consul,Principais,17,21
lavadora consul,13/09/2018 19:41,today 1-m,consul,Principais,18,21
refrigerador consul,13/09/2018 19:41,today 1-m,consul,Principais,19,20
fogão consul 4 bocas,13/09/2018 19:41,today 1-m,consul,Principais,20,19
geladeira inox,13/09/2018 19:41,today 1-m,consul,Principais,21,17
cervejeira,13/09/2018 19:41,today 1-m,consul,Principais,22,17
geladeira inox consul,13/09/2018 19:41,today 1-m,consul,Principais,23,17
purificador consul,13/09/2018 19:41,today 1-m,consul,Principais,24,16
fogão 4 bocas,13/09/2018 19:41,today 1-m,consul,Principais,25,16
ar condicionado consul 7500,13/09/2018 19:41,today 1-m,consul,Em Ascensão,1,250
geladeira consul frost free 275 litros,13/09/2018 19:41,today 1-m,consul,Em Ascensão,2,200
ar condicionado consul,13/09/2018 19:41,today 1-m,consul,Em Ascensão,3,130
frigobar consul 80 litros,13/09/2018 19:41,today 1-m,consul,Em Ascensão,4,90
ponto frio,13/09/2018 19:41,today 1-m,consul,Em Ascensão,5,80
microondas consul 20 litros,13/09/2018 19:41,today 1-m,consul,Em Ascensão,6,80
ar condicionado,13/09/2018 19:41,today 1-m,consul,Em Ascensão,7,60
refrigerador consul frost free,13/09/2018 19:41,today 1-m,consul,Em Ascensão,8,60
lavadora consul 8kg,13/09/2018 19:41,today 1-m,consul,Em Ascensão,9,60
filtro de agua,13/09/2018 19:41,today 1-m,consul,Em Ascensão,10,50
umidificador de ar,13/09/2018 19:41,today 1-m,consul,Em Ascensão,11,50
microondas,13/09/2018 19:41,today 1-m,consul,Em Ascensão,12,50
refil filtro consul,13/09/2018 19:41,today 1-m,consul,Em Ascensão,13,50
microondas consul espelhado,13/09/2018 19:41,today 1-m,consul,Em Ascensão,14,50
cooktop 5 bocas,13/09/2018 19:41,today 1-m,consul,Em Ascensão,15,40
geladeira brastemp,13/09/2018 19:41,today 1-m,consul,Em Ascensão,16,40
brastemp geladeira,13/09/2018 19:41,today 1-m,brastemp,Principais,1,100
geladeira,13/09/2018 19:41,today 1-m,brastemp,Principais,2,98
maquina brastemp,13/09/2018 19:41,today 1-m,brastemp,Principais,3,61
maquina lavar brastemp,13/09/2018 19:41,today 1-m,brastemp,Principais,4,52
maquina de lavar brastemp,13/09/2018 19:41,today 1-m,brastemp,Principais,5,49
maquina de lavar,13/09/2018 19:41,today 1-m,brastemp,Principais,6,48
fogão,13/09/2018 19:41,today 1-m,brastemp,Principais,7,46
fogão brastemp,13/09/2018 19:41,today 1-m,brastemp,Principais,8,43
microondas,13/09/2018 19:41,today 1-m,brastemp,Principais,9,30
brastemp ative,13/09/2018 19:41,today 1-m,brastemp,Principais,10,30
microondas brastemp,13/09/2018 19:41,today 1-m,brastemp,Principais,11,30
lavadora brastemp,13/09/2018 19:41,today 1-m,brastemp,Principais,12,26
forno brastemp,13/09/2018 19:41,today 1-m,brastemp,Principais,13,26
fogao brastemp,13/09/2018 19:41,today 1-m,brastemp,Principais,14,24
electrolux,13/09/2018 19:41,today 1-m,brastemp,Principais,15,23
brastemp frost free,13/09/2018 19:41,today 1-m,brastemp,Principais,16,23
cooktop brastemp,13/09/2018 19:41,today 1-m,brastemp,Principais,17,22
brastemp inverse,13/09/2018 19:41,today 1-m,brastemp,Principais,18,20
geladeira inox brastemp,13/09/2018 19:41,today 1-m,brastemp,Principais,19,20
geladeira frost free brastemp,13/09/2018 19:41,today 1-m,brastemp,Principais,20,19
cooktop,13/09/2018 19:41,today 1-m,brastemp,Principais,21,19
geladeira inox,13/09/2018 19:41,today 1-m,brastemp,Principais,22,19
consul,13/09/2018 19:41,today 1-m,brastemp,Principais,23,19
brastemp 11kg,13/09/2018 19:41,today 1-m,brastemp,Principais,24,17
geladeira frost free,13/09/2018 19:41,today 1-m,brastemp,Principais,25,17
autorizada da brastemp,13/09/2018 19:41,today 1-m,brastemp,Em Ascensão,1,15800
adega brastemp 12 garrafas,13/09/2018 19:41,today 1-m,brastemp,Em Ascensão,2,11550
lavadora de louça brastemp,13/09/2018 19:41,today 1-m,brastemp,Em Ascensão,3,600
churrasqueira eletrica,13/09/2018 19:41,today 1-m,brastemp,Em Ascensão,4,200
bebedouro brastemp,13/09/2018 19:41,today 1-m,brastemp,Em Ascensão,5,200
depurador brastemp,13/09/2018 19:41,today 1-m,brastemp,Em Ascensão,6,130
colombo,13/09/2018 19:41,today 1-m,brastemp,Em Ascensão,7,130
maquina de lavar louça brastemp,13/09/2018 19:41,today 1-m,brastemp,Em Ascensão,8,120
walmart,13/09/2018 19:41,today 1-m,brastemp,Em Ascensão,9,110
máquina de lavar e secar brastemp,13/09/2018 19:41,today 1-m,brastemp,Em Ascensão,10,110
site da brastemp,13/09/2018 19:41,today 1-m,brastemp,Em Ascensão,11,110
autorizada brastemp fortaleza,13/09/2018 19:41,today 1-m,brastemp,Em Ascensão,12,100
geladeira side by side brastemp,13/09/2018 19:41,today 1-m,brastemp,Em Ascensão,13,90
maquina lavar louça brastemp,13/09/2018 19:41,today 1-m,brastemp,Em Ascensão,14,80
ponto frio,13/09/2018 19:41,today 1-m,brastemp,Em Ascensão,15,80
fogão cooktop 5 bocas,13/09/2018 19:41,today 1-m,brastemp,Em Ascensão,16,80
depurador,13/09/2018 19:41,today 1-m,brastemp,Em Ascensão,17,80
geladeira brastemp 500 litros,13/09/2018 19:41,today 1-m,brastemp,Em Ascensão,18,80
filtro brastemp,13/09/2018 19:41,today 1-m,brastemp,Em Ascensão,19,70
geladeira side by side,13/09/2018 19:41,today 1-m,brastemp,Em Ascensão,20,60
filtro de agua brastemp,13/09/2018 19:41,today 1-m,brastemp,Em Ascensão,21,60
geladeira brastemp 375 litros,13/09/2018 19:41,today 1-m,brastemp,Em Ascensão,22,50
fogao cooktop,13/09/2018 19:41,today 1-m,brastemp,Em Ascensão,23,50
consul,13/09/2018 19:41,today 1-m,brastemp,Em Ascensão,24,50
geladeiras brastemp frost free,13/09/2018 19:41,today 1-m,brastemp,Em Ascensão,25,50
banco brasil,13/09/2018 19:41,today 1-m,brasil,Principais,1,100
banco do brasil,13/09/2018 19:41,today 1-m,brasil,Principais,2,97
copa brasil,13/09/2018 19:41,today 1-m,brasil,Principais,3,78
copa do brasil,13/09/2018 19:41,today 1-m,brasil,Principais,4,72
jogo brasil,13/09/2018 19:41,today 1-m,brasil,Principais,5,31
the voice brasil,13/09/2018 19:41,today 1-m,brasil,Principais,6,28
jogo do brasil,13/09/2018 19:41,today 1-m,brasil,Principais,7,27
mapa brasil,13/09/2018 19:41,today 1-m,brasil,Principais,8,19
copa do brasil 2018,13/09/2018 19:41,today 1-m,brasil,Principais,9,15
mapa do brasil,13/09/2018 19:41,today 1-m,brasil,Principais,10,15
brasil estados unidos,13/09/2018 19:41,today 1-m,brasil,Principais,11,14
independência do brasil,13/09/2018 19:41,today 1-m,brasil,Principais,12,14
247 brasil,13/09/2018 19:41,today 1-m,brasil,Principais,13,13
bandeira do brasil,13/09/2018 19:41,today 1-m,brasil,Principais,14,12
brasil sul,13/09/2018 19:41,today 1-m,brasil,Principais,15,11
the voice brasil 2018,13/09/2018 19:41,today 1-m,brasil,Principais,16,11
google brasil,13/09/2018 19:41,today 1-m,brasil,Principais,17,10
educa mais brasil,13/09/2018 19:41,today 1-m,brasil,Principais,18,10
jogos do brasil,13/09/2018 19:41,today 1-m,brasil,Principais,19,9
independencia do brasil,13/09/2018 19:41,today 1-m,brasil,Principais,20,9
estados do brasil,13/09/2018 19:41,today 1-m,brasil,Principais,21,8
agencia brasil,13/09/2018 19:41,today 1-m,brasil,Principais,22,8
estados unidos x brasil,13/09/2018 19:41,today 1-m,brasil,Principais,23,6
agencia banco do brasil,13/09/2018 19:41,today 1-m,brasil,Principais,24,6
brasil escola,13/09/2018 19:41,today 1-m,brasil,Principais,25,6
primeiro shopping do brasil,13/09/2018 19:41,today 1-m,brasil,Em Ascensão,1,26350
brasil x el salvador,13/09/2018 19:41,today 1-m,brasil,Em Ascensão,2,16100
7 de setembro independência do brasil,13/09/2018 19:41,today 1-m,brasil,Em Ascensão,3,6500
convocação brasil,13/09/2018 19:41,today 1-m,brasil,Em Ascensão,4,6100
brasil vs estados unidos,13/09/2018 19:41,today 1-m,brasil,Em Ascensão,5,5000
estados unidos x brasil,13/09/2018 19:41,today 1-m,brasil,Em Ascensão,6,4550
quem sao os candidatos a presidencia do brasil 2018,13/09/2018 19:41,today 1-m,brasil,Em Ascensão,7,2200
the voice brasil tira teima,13/09/2018 19:41,today 1-m,brasil,Em Ascensão,8,1950
dia do irmão brasil,13/09/2018 19:41,today 1-m,brasil,Em Ascensão,9,1600
independência do brasil resumo,13/09/2018 19:41,today 1-m,brasil,Em Ascensão,10,1550
processo de independência do brasil,13/09/2018 19:41,today 1-m,brasil,Em Ascensão,11,1050
priscila the voice brasil 2018,13/09/2018 19:41,today 1-m,brasil,Em Ascensão,12,1050
qual é a maior torcida gay do brasil,13/09/2018 19:41,today 1-m,brasil,Em Ascensão,13,950
independencia do brasil,13/09/2018 19:41,today 1-m,brasil,Em Ascensão,14,850
a independência do brasil,13/09/2018 19:41,today 1-m,brasil,Em Ascensão,15,750
independência do brasil,13/09/2018 19:41,today 1-m,brasil,Em Ascensão,16,700
semifinal copa do brasil 2018,13/09/2018 19:41,today 1-m,brasil,Em Ascensão,17,700
bandeira do brasil para colorir,13/09/2018 19:41,today 1-m,brasil,Em Ascensão,18,700
brasil vs eua,13/09/2018 19:41,today 1-m,brasil,Em Ascensão,19,700
amistoso brasil,13/09/2018 19:41,today 1-m,brasil,Em Ascensão,20,600
significado das cores da bandeira do brasil,13/09/2018 19:41,today 1-m,brasil,Em Ascensão,21,600
brasil rural tv,13/09/2018 19:41,today 1-m,brasil,Em Ascensão,22,550
candidato a presidente do brasil,13/09/2018 19:41,today 1-m,brasil,Em Ascensão,23,400
eua x brasil,13/09/2018 19:41,today 1-m,brasil,Em Ascensão,24,400
horario do jogo do brasil hoje,13/09/2018 19:41,today 1-m,brasil,Em Ascensão,25,400
brastemp,13/09/2018 19:41,today 1-m,geladeira,Principais,1,100
brastemp geladeira,13/09/2018 19:41,today 1-m,geladeira,Principais,2,98
frost free,13/09/2018 19:41,today 1-m,geladeira,Principais,3,84
geladeira frost free,13/09/2018 19:41,today 1-m,geladeira,Principais,4,84
geladeira consul,13/09/2018 19:41,today 1-m,geladeira,Principais,5,70
geladeira inox,13/09/2018 19:41,today 1-m,geladeira,Principais,6,70
geladeira electrolux,13/09/2018 19:41,today 1-m,geladeira,Principais,7,67
consul,13/09/2018 19:41,today 1-m,geladeira,Principais,8,67
electrolux,13/09/2018 19:41,today 1-m,geladeira,Principais,9,65
geladeira olx,13/09/2018 19:41,today 1-m,geladeira,Principais,10,31
geladeira inverse,13/09/2018 19:41,today 1-m,geladeira,Principais,11,27
geladeira preço,13/09/2018 19:41,today 1-m,geladeira,Principais,12,25
geladeira duplex,13/09/2018 19:41,today 1-m,geladeira,Principais,13,24
geladeira casas bahia,13/09/2018 19:41,today 1-m,geladeira,Principais,14,22
geladeira eletrolux,13/09/2018 19:41,today 1-m,geladeira,Principais,15,21
pudim geladeira,13/09/2018 19:41,today 1-m,geladeira,Principais,16,20
fogão,13/09/2018 19:41,today 1-m,geladeira,Principais,17,20
geladeira inox brastemp,13/09/2018 19:41,today 1-m,geladeira,Principais,18,20
geladeira brastemp frost free,13/09/2018 19:41,today 1-m,geladeira,Principais,19,19
pudim de geladeira,13/09/2018 19:41,today 1-m,geladeira,Principais,20,19
eletrolux,13/09/2018 19:41,today 1-m,geladeira,Principais,21,19
geladeira brastemp inverse,13/09/2018 19:41,today 1-m,geladeira,Principais,22,19
magazine,13/09/2018 19:41,today 1-m,geladeira,Principais,23,18
geladeira consul frost free,13/09/2018 19:41,today 1-m,geladeira,Principais,24,18
geladeira magazine luiza,13/09/2018 19:41,today 1-m,geladeira,Principais,25,18
compressor com motor de geladeira,13/09/2018 19:41,today 1-m,geladeira,Em Ascensão,1,17900
geladeira invertida,13/09/2018 19:41,today 1-m,geladeira,Em Ascensão,2,10150
voce esta dormindo com fome e tem manteiga queijo presunto e requeijão na geladeira,13/09/2018 19:41,today 1-m,geladeira,Em Ascensão,3,7450
pudim prestigio de geladeira,13/09/2018 19:41,today 1-m,geladeira,Em Ascensão,4,4950
como tirar mau cheiro da geladeira,13/09/2018 19:41,today 1-m,geladeira,Em Ascensão,5,2500
geladeira samsung 453 litros,13/09/2018 19:41,today 1-m,geladeira,Em Ascensão,6,2400
geladeira cinza,13/09/2018 19:41,today 1-m,geladeira,Em Ascensão,7,800
geladeira electrolux df42,13/09/2018 19:41,today 1-m,geladeira,Em Ascensão,8,400
geladeira viking,13/09/2018 19:41,today 1-m,geladeira,Em Ascensão,9,400
geladeira continental 460,13/09/2018 19:41,today 1-m,geladeira,Em Ascensão,10,400
geladeira de papelão,13/09/2018 19:41,today 1-m,geladeira,Em Ascensão,11,400
pudim de maracujá de geladeira,13/09/2018 19:41,today 1-m,geladeira,Em Ascensão,12,300
adesivar geladeira,13/09/2018 19:41,today 1-m,geladeira,Em Ascensão,13,190
como conservar morango na geladeira,13/09/2018 19:41,today 1-m,geladeira,Em Ascensão,14,190
bota o coração na geladeira,13/09/2018 19:41,today 1-m,geladeira,Em Ascensão,15,180
geladeira smeg,13/09/2018 19:41,today 1-m,geladeira,Em Ascensão,16,140
coração na geladeira,13/09/2018 19:41,today 1-m,geladeira,Em Ascensão,17,140
geladeira brastemp 400 litros inox,13/09/2018 19:41,today 1-m,geladeira,Em Ascensão,18,140
geladeira americanas,13/09/2018 19:41,today 1-m,geladeira,Em Ascensão,19,120
como conservar alface na geladeira,13/09/2018 19:41,today 1-m,geladeira,Em Ascensão,20,100
geladeira samsung inverter,13/09/2018 19:41,today 1-m,geladeira,Em Ascensão,21,100
como limpar geladeira de inox,13/09/2018 19:41,today 1-m,geladeira,Em Ascensão,22,100
geladeira brastemp 375 litros,13/09/2018 19:41,today 1-m,geladeira,Em Ascensão,23,100
geladeiras em promoção,13/09/2018 19:41,today 1-m,geladeira,Em Ascensão,24,90
mini geladeira portátil,13/09/2018 19:41,today 1-m,geladeira,Em Ascensão,25,90
