geoName,values,Termo Buscado,Data de Extração,Palavra Pivo,Num da Comp,Periodo
Acre,95,GELADEIRA,24/08/2018 13:20,GELADEIRA,4º Comparação,all
Alagoas,85,GELADEIRA,24/08/2018 13:20,GELADEIRA,4º Comparação,all
Amapá,100,GELADEIRA,24/08/2018 13:20,GELADEIRA,4º Comparação,all
Amazonas,97,GELADEIRA,24/08/2018 13:20,GELADEIRA,4º Comparação,all
Bahia,85,GELADEIRA,24/08/2018 13:20,GELADEIRA,4º Comparação,all
Ceará,77,GELADEIRA,24/08/2018 13:20,GELADEIRA,4º Comparação,all
Distrito Federal,87,GELADEIRA,24/08/2018 13:20,GELADEIRA,4º Comparação,all
Espírito Santo,85,GELADEIRA,24/08/2018 13:20,GELADEIRA,4º Comparação,all
Goiás,85,GELADEIRA,24/08/2018 13:20,GELADEIRA,4º Comparação,all
Maranhão,85,GELADEIRA,24/08/2018 13:20,GELADEIRA,4º Comparação,all
Mato Grosso,90,GELADEIRA,24/08/2018 13:20,GELADEIRA,4º Comparação,all
Mato Grosso do Sul,87,GELADEIRA,24/08/2018 13:20,GELADEIRA,4º Comparação,all
Minas Gerais,85,GELADEIRA,24/08/2018 13:20,GELADEIRA,4º Comparação,all
Paraná,85,GELADEIRA,24/08/2018 13:20,GELADEIRA,4º Comparação,all
Paraíba,82,GELADEIRA,24/08/2018 13:20,GELADEIRA,4º Comparação,all
Pará,92,GELADEIRA,24/08/2018 13:20,GELADEIRA,4º Comparação,all
Pernambuco,80,GELADEIRA,24/08/2018 13:20,GELADEIRA,4º Comparação,all
Piauí,82,GELADEIRA,24/08/2018 13:20,GELADEIRA,4º Comparação,all
Rio Grande do Norte,80,GELADEIRA,24/08/2018 13:20,GELADEIRA,4º Comparação,all
Rio Grande do Sul,72,GELADEIRA,24/08/2018 13:20,GELADEIRA,4º Comparação,all
Rio de Janeiro,77,GELADEIRA,24/08/2018 13:20,GELADEIRA,4º Comparação,all
Rondônia,95,GELADEIRA,24/08/2018 13:20,GELADEIRA,4º Comparação,all
Roraima,97,GELADEIRA,24/08/2018 13:20,GELADEIRA,4º Comparação,all
Santa Catarina,77,GELADEIRA,24/08/2018 13:20,GELADEIRA,4º Comparação,all
Sergipe,82,GELADEIRA,24/08/2018 13:20,GELADEIRA,4º Comparação,all
São Paulo,80,GELADEIRA,24/08/2018 13:20,GELADEIRA,4º Comparação,all
Tocantins,82,GELADEIRA,24/08/2018 13:20,GELADEIRA,4º Comparação,all
Acre,52,FOGÃO,24/08/2018 13:20,GELADEIRA,4º Comparação,all
Alagoas,45,FOGÃO,24/08/2018 13:20,GELADEIRA,4º Comparação,all
Amapá,42,FOGÃO,24/08/2018 13:20,GELADEIRA,4º Comparação,all
Amazonas,37,FOGÃO,24/08/2018 13:20,GELADEIRA,4º Comparação,all
Bahia,42,FOGÃO,24/08/2018 13:20,GELADEIRA,4º Comparação,all
Ceará,37,FOGÃO,24/08/2018 13:20,GELADEIRA,4º Comparação,all
Distrito Federal,50,FOGÃO,24/08/2018 13:20,GELADEIRA,4º Comparação,all
Espírito Santo,45,FOGÃO,24/08/2018 13:20,GELADEIRA,4º Comparação,all
Goiás,47,FOGÃO,24/08/2018 13:20,GELADEIRA,4º Comparação,all
Maranhão,37,FOGÃO,24/08/2018 13:20,GELADEIRA,4º Comparação,all
Mato Grosso,45,FOGÃO,24/08/2018 13:20,GELADEIRA,4º Comparação,all
Mato Grosso do Sul,50,FOGÃO,24/08/2018 13:20,GELADEIRA,4º Comparação,all
Minas Gerais,47,FOGÃO,24/08/2018 13:20,GELADEIRA,4º Comparação,all
Paraná,47,FOGÃO,24/08/2018 13:20,GELADEIRA,4º Comparação,all
Paraíba,40,FOGÃO,24/08/2018 13:20,GELADEIRA,4º Comparação,all
Pará,42,FOGÃO,24/08/2018 13:20,GELADEIRA,4º Comparação,all
Pernambuco,40,FOGÃO,24/08/2018 13:20,GELADEIRA,4º Comparação,all
Piauí,35,FOGÃO,24/08/2018 13:20,GELADEIRA,4º Comparação,all
Rio Grande do Norte,40,FOGÃO,24/08/2018 13:20,GELADEIRA,4º Comparação,all
Rio Grande do Sul,47,FOGÃO,24/08/2018 13:20,GELADEIRA,4º Comparação,all
Rio de Janeiro,42,FOGÃO,24/08/2018 13:20,GELADEIRA,4º Comparação,all
Rondônia,50,FOGÃO,24/08/2018 13:20,GELADEIRA,4º Comparação,all
Roraima,42,FOGÃO,24/08/2018 13:20,GELADEIRA,4º Comparação,all
Santa Catarina,42,FOGÃO,24/08/2018 13:20,GELADEIRA,4º Comparação,all
Sergipe,40,FOGÃO,24/08/2018 13:20,GELADEIRA,4º Comparação,all
São Paulo,45,FOGÃO,24/08/2018 13:20,GELADEIRA,4º Comparação,all
Tocantins,50,FOGÃO,24/08/2018 13:20,GELADEIRA,4º Comparação,all
Acre,30,VENTILADOR,24/08/2018 13:20,GELADEIRA,4º Comparação,all
Alagoas,30,VENTILADOR,24/08/2018 13:20,GELADEIRA,4º Comparação,all
Amapá,40,VENTILADOR,24/08/2018 13:20,GELADEIRA,4º Comparação,all
Amazonas,35,VENTILADOR,24/08/2018 13:20,GELADEIRA,4º Comparação,all
Bahia,30,VENTILADOR,24/08/2018 13:20,GELADEIRA,4º Comparação,all
Ceará,35,VENTILADOR,24/08/2018 13:20,GELADEIRA,4º Comparação,all
Distrito Federal,20,VENTILADOR,24/08/2018 13:20,GELADEIRA,4º Comparação,all
Espírito Santo,37,VENTILADOR,24/08/2018 13:20,GELADEIRA,4º Comparação,all
Goiás,22,VENTILADOR,24/08/2018 13:20,GELADEIRA,4º Comparação,all
Maranhão,32,VENTILADOR,24/08/2018 13:20,GELADEIRA,4º Comparação,all
Mato Grosso,35,VENTILADOR,24/08/2018 13:20,GELADEIRA,4º Comparação,all
Mato Grosso do Sul,32,VENTILADOR,24/08/2018 13:20,GELADEIRA,4º Comparação,all
Minas Gerais,30,VENTILADOR,24/08/2018 13:20,GELADEIRA,4º Comparação,all
Paraná,25,VENTILADOR,24/08/2018 13:20,GELADEIRA,4º Comparação,all
Paraíba,30,VENTILADOR,24/08/2018 13:20,GELADEIRA,4º Comparação,all
Pará,37,VENTILADOR,24/08/2018 13:20,GELADEIRA,4º Comparação,all
Pernambuco,30,VENTILADOR,24/08/2018 13:20,GELADEIRA,4º Comparação,all
Piauí,37,VENTILADOR,24/08/2018 13:20,GELADEIRA,4º Comparação,all
Rio Grande do Norte,32,VENTILADOR,24/08/2018 13:20,GELADEIRA,4º Comparação,all
Rio Grande do Sul,27,VENTILADOR,24/08/2018 13:20,GELADEIRA,4º Comparação,all
Rio de Janeiro,40,VENTILADOR,24/08/2018 13:20,GELADEIRA,4º Comparação,all
Rondônia,32,VENTILADOR,24/08/2018 13:20,GELADEIRA,4º Comparação,all
Roraima,40,VENTILADOR,24/08/2018 13:20,GELADEIRA,4º Comparação,all
Santa Catarina,20,VENTILADOR,24/08/2018 13:20,GELADEIRA,4º Comparação,all
Sergipe,32,VENTILADOR,24/08/2018 13:20,GELADEIRA,4º Comparação,all
São Paulo,32,VENTILADOR,24/08/2018 13:20,GELADEIRA,4º Comparação,all
Tocantins,30,VENTILADOR,24/08/2018 13:20,GELADEIRA,4º Comparação,all
Acre,42,BRASTEMP,24/08/2018 13:20,GELADEIRA,4º Comparação,all
Alagoas,50,BRASTEMP,24/08/2018 13:20,GELADEIRA,4º Comparação,all
Amapá,35,BRASTEMP,24/08/2018 13:20,GELADEIRA,4º Comparação,all
Amazonas,42,BRASTEMP,24/08/2018 13:20,GELADEIRA,4º Comparação,all
Bahia,52,BRASTEMP,24/08/2018 13:20,GELADEIRA,4º Comparação,all
Ceará,55,BRASTEMP,24/08/2018 13:20,GELADEIRA,4º Comparação,all
Distrito Federal,65,BRASTEMP,24/08/2018 13:20,GELADEIRA,4º Comparação,all
Espírito Santo,50,BRASTEMP,24/08/2018 13:20,GELADEIRA,4º Comparação,all
Goiás,65,BRASTEMP,24/08/2018 13:20,GELADEIRA,4º Comparação,all
Maranhão,52,BRASTEMP,24/08/2018 13:20,GELADEIRA,4º Comparação,all
Mato Grosso,50,BRASTEMP,24/08/2018 13:20,GELADEIRA,4º Comparação,all
Mato Grosso do Sul,45,BRASTEMP,24/08/2018 13:20,GELADEIRA,4º Comparação,all
Minas Gerais,52,BRASTEMP,24/08/2018 13:20,GELADEIRA,4º Comparação,all
Paraná,57,BRASTEMP,24/08/2018 13:20,GELADEIRA,4º Comparação,all
Paraíba,57,BRASTEMP,24/08/2018 13:20,GELADEIRA,4º Comparação,all
Pará,42,BRASTEMP,24/08/2018 13:20,GELADEIRA,4º Comparação,all
Pernambuco,55,BRASTEMP,24/08/2018 13:20,GELADEIRA,4º Comparação,all
Piauí,45,BRASTEMP,24/08/2018 13:20,GELADEIRA,4º Comparação,all
Rio Grande do Norte,55,BRASTEMP,24/08/2018 13:20,GELADEIRA,4º Comparação,all
Rio Grande do Sul,60,BRASTEMP,24/08/2018 13:20,GELADEIRA,4º Comparação,all
Rio de Janeiro,52,BRASTEMP,24/08/2018 13:20,GELADEIRA,4º Comparação,all
Rondônia,42,BRASTEMP,24/08/2018 13:20,GELADEIRA,4º Comparação,all
Roraima,40,BRASTEMP,24/08/2018 13:20,GELADEIRA,4º Comparação,all
Santa Catarina,60,BRASTEMP,24/08/2018 13:20,GELADEIRA,4º Comparação,all
Sergipe,55,BRASTEMP,24/08/2018 13:20,GELADEIRA,4º Comparação,all
São Paulo,62,BRASTEMP,24/08/2018 13:20,GELADEIRA,4º Comparação,all
Tocantins,52,BRASTEMP,24/08/2018 13:20,GELADEIRA,4º Comparação,all
Acre,30,CONSUL,24/08/2018 13:20,GELADEIRA,4º Comparação,all
Alagoas,40,CONSUL,24/08/2018 13:20,GELADEIRA,4º Comparação,all
Amapá,32,CONSUL,24/08/2018 13:20,GELADEIRA,4º Comparação,all
Amazonas,37,CONSUL,24/08/2018 13:20,GELADEIRA,4º Comparação,all
Bahia,40,CONSUL,24/08/2018 13:20,GELADEIRA,4º Comparação,all
Ceará,45,CONSUL,24/08/2018 13:20,GELADEIRA,4º Comparação,all
Distrito Federal,27,CONSUL,24/08/2018 13:20,GELADEIRA,4º Comparação,all
Espírito Santo,32,CONSUL,24/08/2018 13:20,GELADEIRA,4º Comparação,all
Goiás,30,CONSUL,24/08/2018 13:20,GELADEIRA,4º Comparação,all
Maranhão,42,CONSUL,24/08/2018 13:20,GELADEIRA,4º Comparação,all
Mato Grosso,30,CONSUL,24/08/2018 13:20,GELADEIRA,4º Comparação,all
Mato Grosso do Sul,35,CONSUL,24/08/2018 13:20,GELADEIRA,4º Comparação,all
Minas Gerais,35,CONSUL,24/08/2018 13:20,GELADEIRA,4º Comparação,all
Paraná,35,CONSUL,24/08/2018 13:20,GELADEIRA,4º Comparação,all
Paraíba,40,CONSUL,24/08/2018 13:20,GELADEIRA,4º Comparação,all
Pará,35,CONSUL,24/08/2018 13:20,GELADEIRA,4º Comparação,all
Pernambuco,45,CONSUL,24/08/2018 13:20,GELADEIRA,4º Comparação,all
Piauí,50,CONSUL,24/08/2018 13:20,GELADEIRA,4º Comparação,all
Rio Grande do Norte,42,CONSUL,24/08/2018 13:20,GELADEIRA,4º Comparação,all
Rio Grande do Sul,42,CONSUL,24/08/2018 13:20,GELADEIRA,4º Comparação,all
Rio de Janeiro,37,CONSUL,24/08/2018 13:20,GELADEIRA,4º Comparação,all
Rondônia,30,CONSUL,24/08/2018 13:20,GELADEIRA,4º Comparação,all
Roraima,30,CONSUL,24/08/2018 13:20,GELADEIRA,4º Comparação,all
Santa Catarina,50,CONSUL,24/08/2018 13:20,GELADEIRA,4º Comparação,all
Sergipe,40,CONSUL,24/08/2018 13:20,GELADEIRA,4º Comparação,all
São Paulo,30,CONSUL,24/08/2018 13:20,GELADEIRA,4º Comparação,all
Tocantins,35,CONSUL,24/08/2018 13:20,GELADEIRA,4º Comparação,all
Acre,29,GELADEIRA,24/08/2018 13:20,GELADEIRA,5º Comparação,all
Alagoas,40,GELADEIRA,24/08/2018 13:20,GELADEIRA,5º Comparação,all
Amapá,24,GELADEIRA,24/08/2018 13:20,GELADEIRA,5º Comparação,all
Amazonas,24,GELADEIRA,24/08/2018 13:20,GELADEIRA,5º Comparação,all
Bahia,43,GELADEIRA,24/08/2018 13:20,GELADEIRA,5º Comparação,all
Ceará,35,GELADEIRA,24/08/2018 13:20,GELADEIRA,5º Comparação,all
Distrito Federal,45,GELADEIRA,24/08/2018 13:20,GELADEIRA,5º Comparação,all
Espírito Santo,43,GELADEIRA,24/08/2018 13:20,GELADEIRA,5º Comparação,all
Goiás,35,GELADEIRA,24/08/2018 13:20,GELADEIRA,5º Comparação,all
Maranhão,37,GELADEIRA,24/08/2018 13:20,GELADEIRA,5º Comparação,all
Mato Grosso,37,GELADEIRA,24/08/2018 13:20,GELADEIRA,5º Comparação,all
Mato Grosso do Sul,43,GELADEIRA,24/08/2018 13:20,GELADEIRA,5º Comparação,all
Minas Gerais,43,GELADEIRA,24/08/2018 13:20,GELADEIRA,5º Comparação,all
Paraná,40,GELADEIRA,24/08/2018 13:20,GELADEIRA,5º Comparação,all
Paraíba,32,GELADEIRA,24/08/2018 13:20,GELADEIRA,5º Comparação,all
Pará,32,GELADEIRA,24/08/2018 13:20,GELADEIRA,5º Comparação,all
Pernambuco,37,GELADEIRA,24/08/2018 13:20,GELADEIRA,5º Comparação,all
Piauí,35,GELADEIRA,24/08/2018 13:20,GELADEIRA,5º Comparação,all
Rio Grande do Norte,32,GELADEIRA,24/08/2018 13:20,GELADEIRA,5º Comparação,all
Rio Grande do Sul,35,GELADEIRA,24/08/2018 13:20,GELADEIRA,5º Comparação,all
Rio de Janeiro,43,GELADEIRA,24/08/2018 13:20,GELADEIRA,5º Comparação,all
Rondônia,29,GELADEIRA,24/08/2018 13:20,GELADEIRA,5º Comparação,all
Roraima,27,GELADEIRA,24/08/2018 13:20,GELADEIRA,5º Comparação,all
Santa Catarina,43,GELADEIRA,24/08/2018 13:20,GELADEIRA,5º Comparação,all
Sergipe,43,GELADEIRA,24/08/2018 13:20,GELADEIRA,5º Comparação,all
São Paulo,43,GELADEIRA,24/08/2018 13:20,GELADEIRA,5º Comparação,all
Tocantins,40,GELADEIRA,24/08/2018 13:20,GELADEIRA,5º Comparação,all
Acre,78,COMPUTADOR,24/08/2018 13:20,GELADEIRA,5º Comparação,all
Alagoas,75,COMPUTADOR,24/08/2018 13:20,GELADEIRA,5º Comparação,all
Amapá,78,COMPUTADOR,24/08/2018 13:20,GELADEIRA,5º Comparação,all
Amazonas,64,COMPUTADOR,24/08/2018 13:20,GELADEIRA,5º Comparação,all
Bahia,75,COMPUTADOR,24/08/2018 13:20,GELADEIRA,5º Comparação,all
Ceará,75,COMPUTADOR,24/08/2018 13:20,GELADEIRA,5º Comparação,all
Distrito Federal,54,COMPUTADOR,24/08/2018 13:20,GELADEIRA,5º Comparação,all
Espírito Santo,64,COMPUTADOR,24/08/2018 13:20,GELADEIRA,5º Comparação,all
Goiás,70,COMPUTADOR,24/08/2018 13:20,GELADEIRA,5º Comparação,all
Maranhão,81,COMPUTADOR,24/08/2018 13:20,GELADEIRA,5º Comparação,all
Mato Grosso,78,COMPUTADOR,24/08/2018 13:20,GELADEIRA,5º Comparação,all
Mato Grosso do Sul,78,COMPUTADOR,24/08/2018 13:20,GELADEIRA,5º Comparação,all
Minas Gerais,72,COMPUTADOR,24/08/2018 13:20,GELADEIRA,5º Comparação,all
Paraná,70,COMPUTADOR,24/08/2018 13:20,GELADEIRA,5º Comparação,all
Paraíba,67,COMPUTADOR,24/08/2018 13:20,GELADEIRA,5º Comparação,all
Pará,75,COMPUTADOR,24/08/2018 13:20,GELADEIRA,5º Comparação,all
Pernambuco,72,COMPUTADOR,24/08/2018 13:20,GELADEIRA,5º Comparação,all
Piauí,86,COMPUTADOR,24/08/2018 13:20,GELADEIRA,5º Comparação,all
Rio Grande do Norte,78,COMPUTADOR,24/08/2018 13:20,GELADEIRA,5º Comparação,all
Rio Grande do Sul,67,COMPUTADOR,24/08/2018 13:20,GELADEIRA,5º Comparação,all
Rio de Janeiro,59,COMPUTADOR,24/08/2018 13:20,GELADEIRA,5º Comparação,all
Rondônia,81,COMPUTADOR,24/08/2018 13:20,GELADEIRA,5º Comparação,all
Roraima,86,COMPUTADOR,24/08/2018 13:20,GELADEIRA,5º Comparação,all
Santa Catarina,70,COMPUTADOR,24/08/2018 13:20,GELADEIRA,5º Comparação,all
Sergipe,72,COMPUTADOR,24/08/2018 13:20,GELADEIRA,5º Comparação,all
São Paulo,59,COMPUTADOR,24/08/2018 13:20,GELADEIRA,5º Comparação,all
Tocantins,78,COMPUTADOR,24/08/2018 13:20,GELADEIRA,5º Comparação,all
Acre,40,DELL,24/08/2018 13:20,GELADEIRA,5º Comparação,all
Alagoas,32,DELL,24/08/2018 13:20,GELADEIRA,5º Comparação,all
Amapá,35,DELL,24/08/2018 13:20,GELADEIRA,5º Comparação,all
Amazonas,18,DELL,24/08/2018 13:20,GELADEIRA,5º Comparação,all
Bahia,29,DELL,24/08/2018 13:20,GELADEIRA,5º Comparação,all
Ceará,32,DELL,24/08/2018 13:20,GELADEIRA,5º Comparação,all
Distrito Federal,37,DELL,24/08/2018 13:20,GELADEIRA,5º Comparação,all
Espírito Santo,45,DELL,24/08/2018 13:20,GELADEIRA,5º Comparação,all
Goiás,32,DELL,24/08/2018 13:20,GELADEIRA,5º Comparação,all
Maranhão,37,DELL,24/08/2018 13:20,GELADEIRA,5º Comparação,all
Mato Grosso,43,DELL,24/08/2018 13:20,GELADEIRA,5º Comparação,all
Mato Grosso do Sul,35,DELL,24/08/2018 13:20,GELADEIRA,5º Comparação,all
Minas Gerais,37,DELL,24/08/2018 13:20,GELADEIRA,5º Comparação,all
Paraná,32,DELL,24/08/2018 13:20,GELADEIRA,5º Comparação,all
Paraíba,35,DELL,24/08/2018 13:20,GELADEIRA,5º Comparação,all
Pará,32,DELL,24/08/2018 13:20,GELADEIRA,5º Comparação,all
Pernambuco,32,DELL,24/08/2018 13:20,GELADEIRA,5º Comparação,all
Piauí,32,DELL,24/08/2018 13:20,GELADEIRA,5º Comparação,all
Rio Grande do Norte,37,DELL,24/08/2018 13:20,GELADEIRA,5º Comparação,all
Rio Grande do Sul,51,DELL,24/08/2018 13:20,GELADEIRA,5º Comparação,all
Rio de Janeiro,32,DELL,24/08/2018 13:20,GELADEIRA,5º Comparação,all
Rondônia,35,DELL,24/08/2018 13:20,GELADEIRA,5º Comparação,all
Roraima,35,DELL,24/08/2018 13:20,GELADEIRA,5º Comparação,all
Santa Catarina,37,DELL,24/08/2018 13:20,GELADEIRA,5º Comparação,all
Sergipe,35,DELL,24/08/2018 13:20,GELADEIRA,5º Comparação,all
São Paulo,37,DELL,24/08/2018 13:20,GELADEIRA,5º Comparação,all
Tocantins,40,DELL,24/08/2018 13:20,GELADEIRA,5º Comparação,all
Acre,86,SONY,24/08/2018 13:20,GELADEIRA,5º Comparação,all
Alagoas,91,SONY,24/08/2018 13:20,GELADEIRA,5º Comparação,all
Amapá,100,SONY,24/08/2018 13:20,GELADEIRA,5º Comparação,all
Amazonas,78,SONY,24/08/2018 13:20,GELADEIRA,5º Comparação,all
Bahia,97,SONY,24/08/2018 13:20,GELADEIRA,5º Comparação,all
Ceará,91,SONY,24/08/2018 13:20,GELADEIRA,5º Comparação,all
Distrito Federal,75,SONY,24/08/2018 13:20,GELADEIRA,5º Comparação,all
Espírito Santo,89,SONY,24/08/2018 13:20,GELADEIRA,5º Comparação,all
Goiás,97,SONY,24/08/2018 13:20,GELADEIRA,5º Comparação,all
Maranhão,89,SONY,24/08/2018 13:20,GELADEIRA,5º Comparação,all
Mato Grosso,83,SONY,24/08/2018 13:20,GELADEIRA,5º Comparação,all
Mato Grosso do Sul,86,SONY,24/08/2018 13:20,GELADEIRA,5º Comparação,all
Minas Gerais,86,SONY,24/08/2018 13:20,GELADEIRA,5º Comparação,all
Paraná,94,SONY,24/08/2018 13:20,GELADEIRA,5º Comparação,all
Paraíba,100,SONY,24/08/2018 13:20,GELADEIRA,5º Comparação,all
Pará,89,SONY,24/08/2018 13:20,GELADEIRA,5º Comparação,all
Pernambuco,97,SONY,24/08/2018 13:20,GELADEIRA,5º Comparação,all
Piauí,89,SONY,24/08/2018 13:20,GELADEIRA,5º Comparação,all
Rio Grande do Norte,91,SONY,24/08/2018 13:20,GELADEIRA,5º Comparação,all
Rio Grande do Sul,86,SONY,24/08/2018 13:20,GELADEIRA,5º Comparação,all
Rio de Janeiro,91,SONY,24/08/2018 13:20,GELADEIRA,5º Comparação,all
Rondônia,91,SONY,24/08/2018 13:20,GELADEIRA,5º Comparação,all
Roraima,83,SONY,24/08/2018 13:20,GELADEIRA,5º Comparação,all
Santa Catarina,86,SONY,24/08/2018 13:20,GELADEIRA,5º Comparação,all
Sergipe,91,SONY,24/08/2018 13:20,GELADEIRA,5º Comparação,all
São Paulo,89,SONY,24/08/2018 13:20,GELADEIRA,5º Comparação,all
Tocantins,89,SONY,24/08/2018 13:20,GELADEIRA,5º Comparação,all
Acre,35,AMAZON,24/08/2018 13:20,GELADEIRA,5º Comparação,all
Alagoas,29,AMAZON,24/08/2018 13:20,GELADEIRA,5º Comparação,all
Amapá,32,AMAZON,24/08/2018 13:20,GELADEIRA,5º Comparação,all
Amazonas,83,AMAZON,24/08/2018 13:20,GELADEIRA,5º Comparação,all
Bahia,24,AMAZON,24/08/2018 13:20,GELADEIRA,5º Comparação,all
Ceará,35,AMAZON,24/08/2018 13:20,GELADEIRA,5º Comparação,all
Distrito Federal,56,AMAZON,24/08/2018 13:20,GELADEIRA,5º Comparação,all
Espírito Santo,27,AMAZON,24/08/2018 13:20,GELADEIRA,5º Comparação,all
Goiás,35,AMAZON,24/08/2018 13:20,GELADEIRA,5º Comparação,all
Maranhão,24,AMAZON,24/08/2018 13:20,GELADEIRA,5º Comparação,all
Mato Grosso,27,AMAZON,24/08/2018 13:20,GELADEIRA,5º Comparação,all
Mato Grosso do Sul,27,AMAZON,24/08/2018 13:20,GELADEIRA,5º Comparação,all
Minas Gerais,29,AMAZON,24/08/2018 13:20,GELADEIRA,5º Comparação,all
Paraná,32,AMAZON,24/08/2018 13:20,GELADEIRA,5º Comparação,all
Paraíba,35,AMAZON,24/08/2018 13:20,GELADEIRA,5º Comparação,all
Pará,40,AMAZON,24/08/2018 13:20,GELADEIRA,5º Comparação,all
Pernambuco,29,AMAZON,24/08/2018 13:20,GELADEIRA,5º Comparação,all
Piauí,27,AMAZON,24/08/2018 13:20,GELADEIRA,5º Comparação,all
Rio Grande do Norte,29,AMAZON,24/08/2018 13:20,GELADEIRA,5º Comparação,all
Rio Grande do Sul,29,AMAZON,24/08/2018 13:20,GELADEIRA,5º Comparação,all
Rio de Janeiro,43,AMAZON,24/08/2018 13:20,GELADEIRA,5º Comparação,all
Rondônia,32,AMAZON,24/08/2018 13:20,GELADEIRA,5º Comparação,all
Roraima,37,AMAZON,24/08/2018 13:20,GELADEIRA,5º Comparação,all
Santa Catarina,32,AMAZON,24/08/2018 13:20,GELADEIRA,5º Comparação,all
Sergipe,27,AMAZON,24/08/2018 13:20,GELADEIRA,5º Comparação,all
São Paulo,40,AMAZON,24/08/2018 13:20,GELADEIRA,5º Comparação,all
Tocantins,21,AMAZON,24/08/2018 13:20,GELADEIRA,5º Comparação,all
Acre,26,GELADEIRA,24/08/2018 13:21,GELADEIRA,6º Comparação,all
Alagoas,22,GELADEIRA,24/08/2018 13:21,GELADEIRA,6º Comparação,all
Amapá,19,GELADEIRA,24/08/2018 13:21,GELADEIRA,6º Comparação,all
Amazonas,32,GELADEIRA,24/08/2018 13:21,GELADEIRA,6º Comparação,all
Bahia,24,GELADEIRA,24/08/2018 13:21,GELADEIRA,6º Comparação,all
Ceará,20,GELADEIRA,24/08/2018 13:21,GELADEIRA,6º Comparação,all
Distrito Federal,37,GELADEIRA,24/08/2018 13:21,GELADEIRA,6º Comparação,all
Espírito Santo,30,GELADEIRA,24/08/2018 13:21,GELADEIRA,6º Comparação,all
Goiás,29,GELADEIRA,24/08/2018 13:21,GELADEIRA,6º Comparação,all
Maranhão,14,GELADEIRA,24/08/2018 13:21,GELADEIRA,6º Comparação,all
Mato Grosso,33,GELADEIRA,24/08/2018 13:21,GELADEIRA,6º Comparação,all
Mato Grosso do Sul,39,GELADEIRA,24/08/2018 13:21,GELADEIRA,6º Comparação,all
Minas Gerais,31,GELADEIRA,24/08/2018 13:21,GELADEIRA,6º Comparação,all
Paraná,40,GELADEIRA,24/08/2018 13:21,GELADEIRA,6º Comparação,all
Paraíba,25,GELADEIRA,24/08/2018 13:21,GELADEIRA,6º Comparação,all
Pará,12,GELADEIRA,24/08/2018 13:21,GELADEIRA,6º Comparação,all
Pernambuco,22,GELADEIRA,24/08/2018 13:21,GELADEIRA,6º Comparação,all
Piauí,20,GELADEIRA,24/08/2018 13:21,GELADEIRA,6º Comparação,all
Rio Grande do Norte,21,GELADEIRA,24/08/2018 13:21,GELADEIRA,6º Comparação,all
Rio Grande do Sul,34,GELADEIRA,24/08/2018 13:21,GELADEIRA,6º Comparação,all
Rio de Janeiro,24,GELADEIRA,24/08/2018 13:21,GELADEIRA,6º Comparação,all
Rondônia,28,GELADEIRA,24/08/2018 13:21,GELADEIRA,6º Comparação,all
Roraima,21,GELADEIRA,24/08/2018 13:21,GELADEIRA,6º Comparação,all
Santa Catarina,44,GELADEIRA,24/08/2018 13:21,GELADEIRA,6º Comparação,all
Sergipe,28,GELADEIRA,24/08/2018 13:21,GELADEIRA,6º Comparação,all
São Paulo,39,GELADEIRA,24/08/2018 13:21,GELADEIRA,6º Comparação,all
Tocantins,19,GELADEIRA,24/08/2018 13:21,GELADEIRA,6º Comparação,all
Acre,85,LOJAS AMERICANAS,24/08/2018 13:21,GELADEIRA,6º Comparação,all
Alagoas,89,LOJAS AMERICANAS,24/08/2018 13:21,GELADEIRA,6º Comparação,all
Amapá,93,LOJAS AMERICANAS,24/08/2018 13:21,GELADEIRA,6º Comparação,all
Amazonas,79,LOJAS AMERICANAS,24/08/2018 13:21,GELADEIRA,6º Comparação,all
Bahia,87,LOJAS AMERICANAS,24/08/2018 13:21,GELADEIRA,6º Comparação,all
Ceará,92,LOJAS AMERICANAS,24/08/2018 13:21,GELADEIRA,6º Comparação,all
Distrito Federal,75,LOJAS AMERICANAS,24/08/2018 13:21,GELADEIRA,6º Comparação,all
Espírito Santo,82,LOJAS AMERICANAS,24/08/2018 13:21,GELADEIRA,6º Comparação,all
Goiás,83,LOJAS AMERICANAS,24/08/2018 13:21,GELADEIRA,6º Comparação,all
Maranhão,97,LOJAS AMERICANAS,24/08/2018 13:21,GELADEIRA,6º Comparação,all
Mato Grosso,78,LOJAS AMERICANAS,24/08/2018 13:21,GELADEIRA,6º Comparação,all
Mato Grosso do Sul,73,LOJAS AMERICANAS,24/08/2018 13:21,GELADEIRA,6º Comparação,all
Minas Gerais,80,LOJAS AMERICANAS,24/08/2018 13:21,GELADEIRA,6º Comparação,all
Paraná,71,LOJAS AMERICANAS,24/08/2018 13:21,GELADEIRA,6º Comparação,all
Paraíba,86,LOJAS AMERICANAS,24/08/2018 13:21,GELADEIRA,6º Comparação,all
Pará,100,LOJAS AMERICANAS,24/08/2018 13:21,GELADEIRA,6º Comparação,all
Pernambuco,89,LOJAS AMERICANAS,24/08/2018 13:21,GELADEIRA,6º Comparação,all
Piauí,92,LOJAS AMERICANAS,24/08/2018 13:21,GELADEIRA,6º Comparação,all
Rio Grande do Norte,91,LOJAS AMERICANAS,24/08/2018 13:21,GELADEIRA,6º Comparação,all
Rio Grande do Sul,77,LOJAS AMERICANAS,24/08/2018 13:21,GELADEIRA,6º Comparação,all
Rio de Janeiro,87,LOJAS AMERICANAS,24/08/2018 13:21,GELADEIRA,6º Comparação,all
Rondônia,84,LOJAS AMERICANAS,24/08/2018 13:21,GELADEIRA,6º Comparação,all
Roraima,91,LOJAS AMERICANAS,24/08/2018 13:21,GELADEIRA,6º Comparação,all
Santa Catarina,67,LOJAS AMERICANAS,24/08/2018 13:21,GELADEIRA,6º Comparação,all
Sergipe,84,LOJAS AMERICANAS,24/08/2018 13:21,GELADEIRA,6º Comparação,all
São Paulo,73,LOJAS AMERICANAS,24/08/2018 13:21,GELADEIRA,6º Comparação,all
Tocantins,93,LOJAS AMERICANAS,24/08/2018 13:21,GELADEIRA,6º Comparação,all
