geoName,values,Termo Buscado,Data e Hora,Palavra Pivo,Num da Comp,Periodo
Acre,86,GELADEIRA,19/08/2018 14:28,GELADEIRA,4º Comparação,today 1-m
Alagoas,86,GELADEIRA,19/08/2018 14:28,GELADEIRA,4º Comparação,today 1-m
Amapá,82,GELADEIRA,19/08/2018 14:28,GELADEIRA,4º Comparação,today 1-m
Amazonas,82,GELADEIRA,19/08/2018 14:28,GELADEIRA,4º Comparação,today 1-m
Bahia,82,GELADEIRA,19/08/2018 14:28,GELADEIRA,4º Comparação,today 1-m
Ceará,74,GELADEIRA,19/08/2018 14:28,GELADEIRA,4º Comparação,today 1-m
Distrito Federal,80,GELADEIRA,19/08/2018 14:28,GELADEIRA,4º Comparação,today 1-m
Espírito Santo,76,GELADEIRA,19/08/2018 14:28,GELADEIRA,4º Comparação,today 1-m
Goiás,80,GELADEIRA,19/08/2018 14:28,GELADEIRA,4º Comparação,today 1-m
Maranhão,76,GELADEIRA,19/08/2018 14:28,GELADEIRA,4º Comparação,today 1-m
Mato Grosso,84,GELADEIRA,19/08/2018 14:28,GELADEIRA,4º Comparação,today 1-m
Mato Grosso do Sul,78,GELADEIRA,19/08/2018 14:28,GELADEIRA,4º Comparação,today 1-m
Minas Gerais,76,GELADEIRA,19/08/2018 14:28,GELADEIRA,4º Comparação,today 1-m
Paraná,76,GELADEIRA,19/08/2018 14:28,GELADEIRA,4º Comparação,today 1-m
Paraíba,76,GELADEIRA,19/08/2018 14:28,GELADEIRA,4º Comparação,today 1-m
Pará,90,GELADEIRA,19/08/2018 14:28,GELADEIRA,4º Comparação,today 1-m
Pernambuco,74,GELADEIRA,19/08/2018 14:28,GELADEIRA,4º Comparação,today 1-m
Piauí,76,GELADEIRA,19/08/2018 14:28,GELADEIRA,4º Comparação,today 1-m
Rio Grande do Norte,76,GELADEIRA,19/08/2018 14:28,GELADEIRA,4º Comparação,today 1-m
Rio Grande do Sul,62,GELADEIRA,19/08/2018 14:28,GELADEIRA,4º Comparação,today 1-m
Rio de Janeiro,72,GELADEIRA,19/08/2018 14:28,GELADEIRA,4º Comparação,today 1-m
Rondônia,78,GELADEIRA,19/08/2018 14:28,GELADEIRA,4º Comparação,today 1-m
Roraima,100,GELADEIRA,19/08/2018 14:28,GELADEIRA,4º Comparação,today 1-m
Santa Catarina,74,GELADEIRA,19/08/2018 14:28,GELADEIRA,4º Comparação,today 1-m
Sergipe,70,GELADEIRA,19/08/2018 14:28,GELADEIRA,4º Comparação,today 1-m
São Paulo,72,GELADEIRA,19/08/2018 14:28,GELADEIRA,4º Comparação,today 1-m
Tocantins,70,GELADEIRA,19/08/2018 14:28,GELADEIRA,4º Comparação,today 1-m
Acre,40,FOGÃO,19/08/2018 14:28,GELADEIRA,4º Comparação,today 1-m
Alagoas,38,FOGÃO,19/08/2018 14:28,GELADEIRA,4º Comparação,today 1-m
Amapá,34,FOGÃO,19/08/2018 14:28,GELADEIRA,4º Comparação,today 1-m
Amazonas,38,FOGÃO,19/08/2018 14:28,GELADEIRA,4º Comparação,today 1-m
Bahia,42,FOGÃO,19/08/2018 14:28,GELADEIRA,4º Comparação,today 1-m
Ceará,38,FOGÃO,19/08/2018 14:28,GELADEIRA,4º Comparação,today 1-m
Distrito Federal,44,FOGÃO,19/08/2018 14:28,GELADEIRA,4º Comparação,today 1-m
Espírito Santo,44,FOGÃO,19/08/2018 14:28,GELADEIRA,4º Comparação,today 1-m
Goiás,46,FOGÃO,19/08/2018 14:28,GELADEIRA,4º Comparação,today 1-m
Maranhão,34,FOGÃO,19/08/2018 14:28,GELADEIRA,4º Comparação,today 1-m
Mato Grosso,38,FOGÃO,19/08/2018 14:28,GELADEIRA,4º Comparação,today 1-m
Mato Grosso do Sul,50,FOGÃO,19/08/2018 14:28,GELADEIRA,4º Comparação,today 1-m
Minas Gerais,50,FOGÃO,19/08/2018 14:28,GELADEIRA,4º Comparação,today 1-m
Paraná,52,FOGÃO,19/08/2018 14:28,GELADEIRA,4º Comparação,today 1-m
Paraíba,44,FOGÃO,19/08/2018 14:28,GELADEIRA,4º Comparação,today 1-m
Pará,36,FOGÃO,19/08/2018 14:28,GELADEIRA,4º Comparação,today 1-m
Pernambuco,44,FOGÃO,19/08/2018 14:28,GELADEIRA,4º Comparação,today 1-m
Piauí,26,FOGÃO,19/08/2018 14:28,GELADEIRA,4º Comparação,today 1-m
Rio Grande do Norte,38,FOGÃO,19/08/2018 14:28,GELADEIRA,4º Comparação,today 1-m
Rio Grande do Sul,52,FOGÃO,19/08/2018 14:28,GELADEIRA,4º Comparação,today 1-m
Rio de Janeiro,48,FOGÃO,19/08/2018 14:28,GELADEIRA,4º Comparação,today 1-m
Rondônia,48,FOGÃO,19/08/2018 14:28,GELADEIRA,4º Comparação,today 1-m
Roraima,20,FOGÃO,19/08/2018 14:28,GELADEIRA,4º Comparação,today 1-m
Santa Catarina,48,FOGÃO,19/08/2018 14:28,GELADEIRA,4º Comparação,today 1-m
Sergipe,42,FOGÃO,19/08/2018 14:28,GELADEIRA,4º Comparação,today 1-m
São Paulo,46,FOGÃO,19/08/2018 14:28,GELADEIRA,4º Comparação,today 1-m
Tocantins,40,FOGÃO,19/08/2018 14:28,GELADEIRA,4º Comparação,today 1-m
Acre,28,VENTILADOR,19/08/2018 14:28,GELADEIRA,4º Comparação,today 1-m
Alagoas,16,VENTILADOR,19/08/2018 14:28,GELADEIRA,4º Comparação,today 1-m
Amapá,36,VENTILADOR,19/08/2018 14:28,GELADEIRA,4º Comparação,today 1-m
Amazonas,30,VENTILADOR,19/08/2018 14:28,GELADEIRA,4º Comparação,today 1-m
Bahia,12,VENTILADOR,19/08/2018 14:28,GELADEIRA,4º Comparação,today 1-m
Ceará,24,VENTILADOR,19/08/2018 14:28,GELADEIRA,4º Comparação,today 1-m
Distrito Federal,10,VENTILADOR,19/08/2018 14:28,GELADEIRA,4º Comparação,today 1-m
Espírito Santo,18,VENTILADOR,19/08/2018 14:28,GELADEIRA,4º Comparação,today 1-m
Goiás,12,VENTILADOR,19/08/2018 14:28,GELADEIRA,4º Comparação,today 1-m
Maranhão,24,VENTILADOR,19/08/2018 14:28,GELADEIRA,4º Comparação,today 1-m
Mato Grosso,22,VENTILADOR,19/08/2018 14:28,GELADEIRA,4º Comparação,today 1-m
Mato Grosso do Sul,12,VENTILADOR,19/08/2018 14:28,GELADEIRA,4º Comparação,today 1-m
Minas Gerais,8,VENTILADOR,19/08/2018 14:28,GELADEIRA,4º Comparação,today 1-m
Paraná,6,VENTILADOR,19/08/2018 14:28,GELADEIRA,4º Comparação,today 1-m
Paraíba,16,VENTILADOR,19/08/2018 14:28,GELADEIRA,4º Comparação,today 1-m
Pará,28,VENTILADOR,19/08/2018 14:28,GELADEIRA,4º Comparação,today 1-m
Pernambuco,18,VENTILADOR,19/08/2018 14:28,GELADEIRA,4º Comparação,today 1-m
Piauí,30,VENTILADOR,19/08/2018 14:28,GELADEIRA,4º Comparação,today 1-m
Rio Grande do Norte,20,VENTILADOR,19/08/2018 14:28,GELADEIRA,4º Comparação,today 1-m
Rio Grande do Sul,8,VENTILADOR,19/08/2018 14:28,GELADEIRA,4º Comparação,today 1-m
Rio de Janeiro,16,VENTILADOR,19/08/2018 14:28,GELADEIRA,4º Comparação,today 1-m
Rondônia,28,VENTILADOR,19/08/2018 14:28,GELADEIRA,4º Comparação,today 1-m
Roraima,22,VENTILADOR,19/08/2018 14:28,GELADEIRA,4º Comparação,today 1-m
Santa Catarina,4,VENTILADOR,19/08/2018 14:28,GELADEIRA,4º Comparação,today 1-m
Sergipe,16,VENTILADOR,19/08/2018 14:28,GELADEIRA,4º Comparação,today 1-m
São Paulo,8,VENTILADOR,19/08/2018 14:28,GELADEIRA,4º Comparação,today 1-m
Tocantins,26,VENTILADOR,19/08/2018 14:28,GELADEIRA,4º Comparação,today 1-m
Acre,28,BRASTEMP,19/08/2018 14:28,GELADEIRA,4º Comparação,today 1-m
Alagoas,34,BRASTEMP,19/08/2018 14:28,GELADEIRA,4º Comparação,today 1-m
Amapá,16,BRASTEMP,19/08/2018 14:28,GELADEIRA,4º Comparação,today 1-m
Amazonas,22,BRASTEMP,19/08/2018 14:28,GELADEIRA,4º Comparação,today 1-m
Bahia,32,BRASTEMP,19/08/2018 14:28,GELADEIRA,4º Comparação,today 1-m
Ceará,34,BRASTEMP,19/08/2018 14:28,GELADEIRA,4º Comparação,today 1-m
Distrito Federal,46,BRASTEMP,19/08/2018 14:28,GELADEIRA,4º Comparação,today 1-m
Espírito Santo,38,BRASTEMP,19/08/2018 14:28,GELADEIRA,4º Comparação,today 1-m
Goiás,44,BRASTEMP,19/08/2018 14:28,GELADEIRA,4º Comparação,today 1-m
Maranhão,36,BRASTEMP,19/08/2018 14:28,GELADEIRA,4º Comparação,today 1-m
Mato Grosso,36,BRASTEMP,19/08/2018 14:28,GELADEIRA,4º Comparação,today 1-m
Mato Grosso do Sul,34,BRASTEMP,19/08/2018 14:28,GELADEIRA,4º Comparação,today 1-m
Minas Gerais,40,BRASTEMP,19/08/2018 14:28,GELADEIRA,4º Comparação,today 1-m
Paraná,40,BRASTEMP,19/08/2018 14:28,GELADEIRA,4º Comparação,today 1-m
Paraíba,38,BRASTEMP,19/08/2018 14:28,GELADEIRA,4º Comparação,today 1-m
Pará,26,BRASTEMP,19/08/2018 14:28,GELADEIRA,4º Comparação,today 1-m
Pernambuco,34,BRASTEMP,19/08/2018 14:28,GELADEIRA,4º Comparação,today 1-m
Piauí,28,BRASTEMP,19/08/2018 14:28,GELADEIRA,4º Comparação,today 1-m
Rio Grande do Norte,40,BRASTEMP,19/08/2018 14:28,GELADEIRA,4º Comparação,today 1-m
Rio Grande do Sul,48,BRASTEMP,19/08/2018 14:28,GELADEIRA,4º Comparação,today 1-m
Rio de Janeiro,38,BRASTEMP,19/08/2018 14:28,GELADEIRA,4º Comparação,today 1-m
Rondônia,28,BRASTEMP,19/08/2018 14:28,GELADEIRA,4º Comparação,today 1-m
Roraima,28,BRASTEMP,19/08/2018 14:28,GELADEIRA,4º Comparação,today 1-m
Santa Catarina,44,BRASTEMP,19/08/2018 14:28,GELADEIRA,4º Comparação,today 1-m
Sergipe,44,BRASTEMP,19/08/2018 14:28,GELADEIRA,4º Comparação,today 1-m
São Paulo,50,BRASTEMP,19/08/2018 14:28,GELADEIRA,4º Comparação,today 1-m
Tocantins,38,BRASTEMP,19/08/2018 14:28,GELADEIRA,4º Comparação,today 1-m
Acre,18,CONSUL,19/08/2018 14:28,GELADEIRA,4º Comparação,today 1-m
Alagoas,26,CONSUL,19/08/2018 14:28,GELADEIRA,4º Comparação,today 1-m
Amapá,32,CONSUL,19/08/2018 14:28,GELADEIRA,4º Comparação,today 1-m
Amazonas,28,CONSUL,19/08/2018 14:28,GELADEIRA,4º Comparação,today 1-m
Bahia,32,CONSUL,19/08/2018 14:28,GELADEIRA,4º Comparação,today 1-m
Ceará,30,CONSUL,19/08/2018 14:28,GELADEIRA,4º Comparação,today 1-m
Distrito Federal,20,CONSUL,19/08/2018 14:28,GELADEIRA,4º Comparação,today 1-m
Espírito Santo,24,CONSUL,19/08/2018 14:28,GELADEIRA,4º Comparação,today 1-m
Goiás,18,CONSUL,19/08/2018 14:28,GELADEIRA,4º Comparação,today 1-m
Maranhão,30,CONSUL,19/08/2018 14:28,GELADEIRA,4º Comparação,today 1-m
Mato Grosso,20,CONSUL,19/08/2018 14:28,GELADEIRA,4º Comparação,today 1-m
Mato Grosso do Sul,26,CONSUL,19/08/2018 14:28,GELADEIRA,4º Comparação,today 1-m
Minas Gerais,26,CONSUL,19/08/2018 14:28,GELADEIRA,4º Comparação,today 1-m
Paraná,26,CONSUL,19/08/2018 14:28,GELADEIRA,4º Comparação,today 1-m
Paraíba,26,CONSUL,19/08/2018 14:28,GELADEIRA,4º Comparação,today 1-m
Pará,20,CONSUL,19/08/2018 14:28,GELADEIRA,4º Comparação,today 1-m
Pernambuco,30,CONSUL,19/08/2018 14:28,GELADEIRA,4º Comparação,today 1-m
Piauí,40,CONSUL,19/08/2018 14:28,GELADEIRA,4º Comparação,today 1-m
Rio Grande do Norte,26,CONSUL,19/08/2018 14:28,GELADEIRA,4º Comparação,today 1-m
Rio Grande do Sul,30,CONSUL,19/08/2018 14:28,GELADEIRA,4º Comparação,today 1-m
Rio de Janeiro,26,CONSUL,19/08/2018 14:28,GELADEIRA,4º Comparação,today 1-m
Rondônia,18,CONSUL,19/08/2018 14:28,GELADEIRA,4º Comparação,today 1-m
Roraima,30,CONSUL,19/08/2018 14:28,GELADEIRA,4º Comparação,today 1-m
Santa Catarina,30,CONSUL,19/08/2018 14:28,GELADEIRA,4º Comparação,today 1-m
Sergipe,28,CONSUL,19/08/2018 14:28,GELADEIRA,4º Comparação,today 1-m
São Paulo,24,CONSUL,19/08/2018 14:28,GELADEIRA,4º Comparação,today 1-m
Tocantins,26,CONSUL,19/08/2018 14:28,GELADEIRA,4º Comparação,today 1-m
Acre,55,GELADEIRA,19/08/2018 14:31,GELADEIRA,5º Comparação,today 1-m
Alagoas,73,GELADEIRA,19/08/2018 14:31,GELADEIRA,5º Comparação,today 1-m
Amapá,42,GELADEIRA,19/08/2018 14:31,GELADEIRA,5º Comparação,today 1-m
Amazonas,42,GELADEIRA,19/08/2018 14:31,GELADEIRA,5º Comparação,today 1-m
Bahia,89,GELADEIRA,19/08/2018 14:31,GELADEIRA,5º Comparação,today 1-m
Ceará,68,GELADEIRA,19/08/2018 14:31,GELADEIRA,5º Comparação,today 1-m
Distrito Federal,65,GELADEIRA,19/08/2018 14:31,GELADEIRA,5º Comparação,today 1-m
Espírito Santo,81,GELADEIRA,19/08/2018 14:31,GELADEIRA,5º Comparação,today 1-m
Goiás,84,GELADEIRA,19/08/2018 14:31,GELADEIRA,5º Comparação,today 1-m
Maranhão,63,GELADEIRA,19/08/2018 14:31,GELADEIRA,5º Comparação,today 1-m
Mato Grosso,73,GELADEIRA,19/08/2018 14:31,GELADEIRA,5º Comparação,today 1-m
Mato Grosso do Sul,78,GELADEIRA,19/08/2018 14:31,GELADEIRA,5º Comparação,today 1-m
Minas Gerais,84,GELADEIRA,19/08/2018 14:31,GELADEIRA,5º Comparação,today 1-m
Paraná,76,GELADEIRA,19/08/2018 14:31,GELADEIRA,5º Comparação,today 1-m
Paraíba,63,GELADEIRA,19/08/2018 14:31,GELADEIRA,5º Comparação,today 1-m
Pará,71,GELADEIRA,19/08/2018 14:31,GELADEIRA,5º Comparação,today 1-m
Pernambuco,76,GELADEIRA,19/08/2018 14:31,GELADEIRA,5º Comparação,today 1-m
Piauí,73,GELADEIRA,19/08/2018 14:31,GELADEIRA,5º Comparação,today 1-m
Rio Grande do Norte,73,GELADEIRA,19/08/2018 14:31,GELADEIRA,5º Comparação,today 1-m
Rio Grande do Sul,65,GELADEIRA,19/08/2018 14:31,GELADEIRA,5º Comparação,today 1-m
Rio de Janeiro,81,GELADEIRA,19/08/2018 14:31,GELADEIRA,5º Comparação,today 1-m
Rondônia,55,GELADEIRA,19/08/2018 14:31,GELADEIRA,5º Comparação,today 1-m
Roraima,55,GELADEIRA,19/08/2018 14:31,GELADEIRA,5º Comparação,today 1-m
Santa Catarina,76,GELADEIRA,19/08/2018 14:31,GELADEIRA,5º Comparação,today 1-m
Sergipe,73,GELADEIRA,19/08/2018 14:31,GELADEIRA,5º Comparação,today 1-m
São Paulo,76,GELADEIRA,19/08/2018 14:31,GELADEIRA,5º Comparação,today 1-m
Tocantins,73,GELADEIRA,19/08/2018 14:31,GELADEIRA,5º Comparação,today 1-m
Acre,52,COMPUTADOR,19/08/2018 14:31,GELADEIRA,5º Comparação,today 1-m
Alagoas,52,COMPUTADOR,19/08/2018 14:31,GELADEIRA,5º Comparação,today 1-m
Amapá,76,COMPUTADOR,19/08/2018 14:31,GELADEIRA,5º Comparação,today 1-m
Amazonas,57,COMPUTADOR,19/08/2018 14:31,GELADEIRA,5º Comparação,today 1-m
Bahia,52,COMPUTADOR,19/08/2018 14:31,GELADEIRA,5º Comparação,today 1-m
Ceará,55,COMPUTADOR,19/08/2018 14:31,GELADEIRA,5º Comparação,today 1-m
Distrito Federal,44,COMPUTADOR,19/08/2018 14:31,GELADEIRA,5º Comparação,today 1-m
Espírito Santo,47,COMPUTADOR,19/08/2018 14:31,GELADEIRA,5º Comparação,today 1-m
Goiás,52,COMPUTADOR,19/08/2018 14:31,GELADEIRA,5º Comparação,today 1-m
Maranhão,60,COMPUTADOR,19/08/2018 14:31,GELADEIRA,5º Comparação,today 1-m
Mato Grosso,55,COMPUTADOR,19/08/2018 14:31,GELADEIRA,5º Comparação,today 1-m
Mato Grosso do Sul,57,COMPUTADOR,19/08/2018 14:31,GELADEIRA,5º Comparação,today 1-m
Minas Gerais,55,COMPUTADOR,19/08/2018 14:31,GELADEIRA,5º Comparação,today 1-m
Paraná,52,COMPUTADOR,19/08/2018 14:31,GELADEIRA,5º Comparação,today 1-m
Paraíba,60,COMPUTADOR,19/08/2018 14:31,GELADEIRA,5º Comparação,today 1-m
Pará,52,COMPUTADOR,19/08/2018 14:31,GELADEIRA,5º Comparação,today 1-m
Pernambuco,57,COMPUTADOR,19/08/2018 14:31,GELADEIRA,5º Comparação,today 1-m
Piauí,60,COMPUTADOR,19/08/2018 14:31,GELADEIRA,5º Comparação,today 1-m
Rio Grande do Norte,55,COMPUTADOR,19/08/2018 14:31,GELADEIRA,5º Comparação,today 1-m
Rio Grande do Sul,52,COMPUTADOR,19/08/2018 14:31,GELADEIRA,5º Comparação,today 1-m
Rio de Janeiro,47,COMPUTADOR,19/08/2018 14:31,GELADEIRA,5º Comparação,today 1-m
Rondônia,68,COMPUTADOR,19/08/2018 14:31,GELADEIRA,5º Comparação,today 1-m
Roraima,76,COMPUTADOR,19/08/2018 14:31,GELADEIRA,5º Comparação,today 1-m
Santa Catarina,55,COMPUTADOR,19/08/2018 14:31,GELADEIRA,5º Comparação,today 1-m
Sergipe,60,COMPUTADOR,19/08/2018 14:31,GELADEIRA,5º Comparação,today 1-m
São Paulo,47,COMPUTADOR,19/08/2018 14:31,GELADEIRA,5º Comparação,today 1-m
Tocantins,50,COMPUTADOR,19/08/2018 14:31,GELADEIRA,5º Comparação,today 1-m
Acre,50,DELL,19/08/2018 14:31,GELADEIRA,5º Comparação,today 1-m
Alagoas,42,DELL,19/08/2018 14:31,GELADEIRA,5º Comparação,today 1-m
Amapá,34,DELL,19/08/2018 14:31,GELADEIRA,5º Comparação,today 1-m
Amazonas,21,DELL,19/08/2018 14:31,GELADEIRA,5º Comparação,today 1-m
Bahia,34,DELL,19/08/2018 14:31,GELADEIRA,5º Comparação,today 1-m
Ceará,36,DELL,19/08/2018 14:31,GELADEIRA,5º Comparação,today 1-m
Distrito Federal,42,DELL,19/08/2018 14:31,GELADEIRA,5º Comparação,today 1-m
Espírito Santo,47,DELL,19/08/2018 14:31,GELADEIRA,5º Comparação,today 1-m
Goiás,34,DELL,19/08/2018 14:31,GELADEIRA,5º Comparação,today 1-m
Maranhão,44,DELL,19/08/2018 14:31,GELADEIRA,5º Comparação,today 1-m
Mato Grosso,44,DELL,19/08/2018 14:31,GELADEIRA,5º Comparação,today 1-m
Mato Grosso do Sul,36,DELL,19/08/2018 14:31,GELADEIRA,5º Comparação,today 1-m
Minas Gerais,39,DELL,19/08/2018 14:31,GELADEIRA,5º Comparação,today 1-m
Paraná,39,DELL,19/08/2018 14:31,GELADEIRA,5º Comparação,today 1-m
Paraíba,42,DELL,19/08/2018 14:31,GELADEIRA,5º Comparação,today 1-m
Pará,36,DELL,19/08/2018 14:31,GELADEIRA,5º Comparação,today 1-m
Pernambuco,34,DELL,19/08/2018 14:31,GELADEIRA,5º Comparação,today 1-m
Piauí,39,DELL,19/08/2018 14:31,GELADEIRA,5º Comparação,today 1-m
Rio Grande do Norte,42,DELL,19/08/2018 14:31,GELADEIRA,5º Comparação,today 1-m
Rio Grande do Sul,47,DELL,19/08/2018 14:31,GELADEIRA,5º Comparação,today 1-m
Rio de Janeiro,34,DELL,19/08/2018 14:31,GELADEIRA,5º Comparação,today 1-m
Rondônia,36,DELL,19/08/2018 14:31,GELADEIRA,5º Comparação,today 1-m
Roraima,39,DELL,19/08/2018 14:31,GELADEIRA,5º Comparação,today 1-m
Santa Catarina,42,DELL,19/08/2018 14:31,GELADEIRA,5º Comparação,today 1-m
Sergipe,42,DELL,19/08/2018 14:31,GELADEIRA,5º Comparação,today 1-m
São Paulo,42,DELL,19/08/2018 14:31,GELADEIRA,5º Comparação,today 1-m
Tocantins,55,DELL,19/08/2018 14:31,GELADEIRA,5º Comparação,today 1-m
Acre,50,SONY,19/08/2018 14:31,GELADEIRA,5º Comparação,today 1-m
Alagoas,55,SONY,19/08/2018 14:31,GELADEIRA,5º Comparação,today 1-m
Amapá,63,SONY,19/08/2018 14:31,GELADEIRA,5º Comparação,today 1-m
Amazonas,42,SONY,19/08/2018 14:31,GELADEIRA,5º Comparação,today 1-m
Bahia,50,SONY,19/08/2018 14:31,GELADEIRA,5º Comparação,today 1-m
Ceará,47,SONY,19/08/2018 14:31,GELADEIRA,5º Comparação,today 1-m
Distrito Federal,44,SONY,19/08/2018 14:31,GELADEIRA,5º Comparação,today 1-m
Espírito Santo,44,SONY,19/08/2018 14:31,GELADEIRA,5º Comparação,today 1-m
Goiás,44,SONY,19/08/2018 14:31,GELADEIRA,5º Comparação,today 1-m
Maranhão,47,SONY,19/08/2018 14:31,GELADEIRA,5º Comparação,today 1-m
Mato Grosso,39,SONY,19/08/2018 14:31,GELADEIRA,5º Comparação,today 1-m
Mato Grosso do Sul,44,SONY,19/08/2018 14:31,GELADEIRA,5º Comparação,today 1-m
Minas Gerais,42,SONY,19/08/2018 14:31,GELADEIRA,5º Comparação,today 1-m
Paraná,47,SONY,19/08/2018 14:31,GELADEIRA,5º Comparação,today 1-m
Paraíba,44,SONY,19/08/2018 14:31,GELADEIRA,5º Comparação,today 1-m
Pará,47,SONY,19/08/2018 14:31,GELADEIRA,5º Comparação,today 1-m
Pernambuco,50,SONY,19/08/2018 14:31,GELADEIRA,5º Comparação,today 1-m
Piauí,47,SONY,19/08/2018 14:31,GELADEIRA,5º Comparação,today 1-m
Rio Grande do Norte,42,SONY,19/08/2018 14:31,GELADEIRA,5º Comparação,today 1-m
Rio Grande do Sul,50,SONY,19/08/2018 14:31,GELADEIRA,5º Comparação,today 1-m
Rio de Janeiro,47,SONY,19/08/2018 14:31,GELADEIRA,5º Comparação,today 1-m
Rondônia,50,SONY,19/08/2018 14:31,GELADEIRA,5º Comparação,today 1-m
Roraima,36,SONY,19/08/2018 14:31,GELADEIRA,5º Comparação,today 1-m
Santa Catarina,39,SONY,19/08/2018 14:31,GELADEIRA,5º Comparação,today 1-m
Sergipe,42,SONY,19/08/2018 14:31,GELADEIRA,5º Comparação,today 1-m
São Paulo,44,SONY,19/08/2018 14:31,GELADEIRA,5º Comparação,today 1-m
Tocantins,36,SONY,19/08/2018 14:31,GELADEIRA,5º Comparação,today 1-m
Acre,55,AMAZON,19/08/2018 14:31,GELADEIRA,5º Comparação,today 1-m
Alagoas,39,AMAZON,19/08/2018 14:31,GELADEIRA,5º Comparação,today 1-m
Amapá,47,AMAZON,19/08/2018 14:31,GELADEIRA,5º Comparação,today 1-m
Amazonas,100,AMAZON,19/08/2018 14:31,GELADEIRA,5º Comparação,today 1-m
Bahia,36,AMAZON,19/08/2018 14:31,GELADEIRA,5º Comparação,today 1-m
Ceará,55,AMAZON,19/08/2018 14:31,GELADEIRA,5º Comparação,today 1-m
Distrito Federal,65,AMAZON,19/08/2018 14:31,GELADEIRA,5º Comparação,today 1-m
Espírito Santo,42,AMAZON,19/08/2018 14:31,GELADEIRA,5º Comparação,today 1-m
Goiás,47,AMAZON,19/08/2018 14:31,GELADEIRA,5º Comparação,today 1-m
Maranhão,47,AMAZON,19/08/2018 14:31,GELADEIRA,5º Comparação,today 1-m
Mato Grosso,50,AMAZON,19/08/2018 14:31,GELADEIRA,5º Comparação,today 1-m
Mato Grosso do Sul,44,AMAZON,19/08/2018 14:31,GELADEIRA,5º Comparação,today 1-m
Minas Gerais,42,AMAZON,19/08/2018 14:31,GELADEIRA,5º Comparação,today 1-m
Paraná,47,AMAZON,19/08/2018 14:31,GELADEIRA,5º Comparação,today 1-m
Paraíba,52,AMAZON,19/08/2018 14:31,GELADEIRA,5º Comparação,today 1-m
Pará,55,AMAZON,19/08/2018 14:31,GELADEIRA,5º Comparação,today 1-m
Pernambuco,44,AMAZON,19/08/2018 14:31,GELADEIRA,5º Comparação,today 1-m
Piauí,42,AMAZON,19/08/2018 14:31,GELADEIRA,5º Comparação,today 1-m
Rio Grande do Norte,50,AMAZON,19/08/2018 14:31,GELADEIRA,5º Comparação,today 1-m
Rio Grande do Sul,47,AMAZON,19/08/2018 14:31,GELADEIRA,5º Comparação,today 1-m
Rio de Janeiro,52,AMAZON,19/08/2018 14:31,GELADEIRA,5º Comparação,today 1-m
Rondônia,52,AMAZON,19/08/2018 14:31,GELADEIRA,5º Comparação,today 1-m
Roraima,55,AMAZON,19/08/2018 14:31,GELADEIRA,5º Comparação,today 1-m
Santa Catarina,50,AMAZON,19/08/2018 14:31,GELADEIRA,5º Comparação,today 1-m
Sergipe,44,AMAZON,19/08/2018 14:31,GELADEIRA,5º Comparação,today 1-m
São Paulo,52,AMAZON,19/08/2018 14:31,GELADEIRA,5º Comparação,today 1-m
Tocantins,47,AMAZON,19/08/2018 14:31,GELADEIRA,5º Comparação,today 1-m
Acre,90,GELADEIRA,22/08/2018 12:22,GELADEIRA,4º Comparação,all
Alagoas,78,GELADEIRA,22/08/2018 12:22,GELADEIRA,4º Comparação,all
Amapá,100,GELADEIRA,22/08/2018 12:22,GELADEIRA,4º Comparação,all
Amazonas,90,GELADEIRA,22/08/2018 12:22,GELADEIRA,4º Comparação,all
Bahia,80,GELADEIRA,22/08/2018 12:22,GELADEIRA,4º Comparação,all
Ceará,76,GELADEIRA,22/08/2018 12:22,GELADEIRA,4º Comparação,all
Distrito Federal,85,GELADEIRA,22/08/2018 12:22,GELADEIRA,4º Comparação,all
Espírito Santo,80,GELADEIRA,22/08/2018 12:22,GELADEIRA,4º Comparação,all
Goiás,80,GELADEIRA,22/08/2018 12:22,GELADEIRA,4º Comparação,all
Maranhão,80,GELADEIRA,22/08/2018 12:22,GELADEIRA,4º Comparação,all
Mato Grosso,88,GELADEIRA,22/08/2018 12:22,GELADEIRA,4º Comparação,all
Mato Grosso do Sul,83,GELADEIRA,22/08/2018 12:22,GELADEIRA,4º Comparação,all
Minas Gerais,80,GELADEIRA,22/08/2018 12:22,GELADEIRA,4º Comparação,all
Paraná,80,GELADEIRA,22/08/2018 12:22,GELADEIRA,4º Comparação,all
Paraíba,78,GELADEIRA,22/08/2018 12:22,GELADEIRA,4º Comparação,all
Pará,90,GELADEIRA,22/08/2018 12:22,GELADEIRA,4º Comparação,all
Pernambuco,73,GELADEIRA,22/08/2018 12:22,GELADEIRA,4º Comparação,all
Piauí,78,GELADEIRA,22/08/2018 12:22,GELADEIRA,4º Comparação,all
Rio Grande do Norte,78,GELADEIRA,22/08/2018 12:22,GELADEIRA,4º Comparação,all
Rio Grande do Sul,66,GELADEIRA,22/08/2018 12:22,GELADEIRA,4º Comparação,all
Rio de Janeiro,76,GELADEIRA,22/08/2018 12:22,GELADEIRA,4º Comparação,all
Rondônia,90,GELADEIRA,22/08/2018 12:22,GELADEIRA,4º Comparação,all
Roraima,92,GELADEIRA,22/08/2018 12:22,GELADEIRA,4º Comparação,all
Santa Catarina,73,GELADEIRA,22/08/2018 12:22,GELADEIRA,4º Comparação,all
Sergipe,78,GELADEIRA,22/08/2018 12:22,GELADEIRA,4º Comparação,all
São Paulo,76,GELADEIRA,22/08/2018 12:22,GELADEIRA,4º Comparação,all
Tocantins,78,GELADEIRA,22/08/2018 12:22,GELADEIRA,4º Comparação,all
Acre,52,FOGÃO,22/08/2018 12:22,GELADEIRA,4º Comparação,all
Alagoas,42,FOGÃO,22/08/2018 12:22,GELADEIRA,4º Comparação,all
Amapá,40,FOGÃO,22/08/2018 12:22,GELADEIRA,4º Comparação,all
Amazonas,35,FOGÃO,22/08/2018 12:22,GELADEIRA,4º Comparação,all
Bahia,40,FOGÃO,22/08/2018 12:22,GELADEIRA,4º Comparação,all
Ceará,35,FOGÃO,22/08/2018 12:22,GELADEIRA,4º Comparação,all
Distrito Federal,45,FOGÃO,22/08/2018 12:22,GELADEIRA,4º Comparação,all
Espírito Santo,45,FOGÃO,22/08/2018 12:22,GELADEIRA,4º Comparação,all
Goiás,45,FOGÃO,22/08/2018 12:22,GELADEIRA,4º Comparação,all
Maranhão,38,FOGÃO,22/08/2018 12:22,GELADEIRA,4º Comparação,all
Mato Grosso,42,FOGÃO,22/08/2018 12:22,GELADEIRA,4º Comparação,all
Mato Grosso do Sul,47,FOGÃO,22/08/2018 12:22,GELADEIRA,4º Comparação,all
Minas Gerais,45,FOGÃO,22/08/2018 12:22,GELADEIRA,4º Comparação,all
Paraná,45,FOGÃO,22/08/2018 12:22,GELADEIRA,4º Comparação,all
Paraíba,38,FOGÃO,22/08/2018 12:22,GELADEIRA,4º Comparação,all
Pará,40,FOGÃO,22/08/2018 12:22,GELADEIRA,4º Comparação,all
Pernambuco,38,FOGÃO,22/08/2018 12:22,GELADEIRA,4º Comparação,all
Piauí,33,FOGÃO,22/08/2018 12:22,GELADEIRA,4º Comparação,all
Rio Grande do Norte,35,FOGÃO,22/08/2018 12:22,GELADEIRA,4º Comparação,all
Rio Grande do Sul,47,FOGÃO,22/08/2018 12:22,GELADEIRA,4º Comparação,all
Rio de Janeiro,40,FOGÃO,22/08/2018 12:22,GELADEIRA,4º Comparação,all
Rondônia,50,FOGÃO,22/08/2018 12:22,GELADEIRA,4º Comparação,all
Roraima,38,FOGÃO,22/08/2018 12:22,GELADEIRA,4º Comparação,all
Santa Catarina,40,FOGÃO,22/08/2018 12:22,GELADEIRA,4º Comparação,all
Sergipe,38,FOGÃO,22/08/2018 12:22,GELADEIRA,4º Comparação,all
São Paulo,45,FOGÃO,22/08/2018 12:22,GELADEIRA,4º Comparação,all
Tocantins,47,FOGÃO,22/08/2018 12:22,GELADEIRA,4º Comparação,all
Acre,30,VENTILADOR,22/08/2018 12:22,GELADEIRA,4º Comparação,all
Alagoas,28,VENTILADOR,22/08/2018 12:22,GELADEIRA,4º Comparação,all
Amapá,38,VENTILADOR,22/08/2018 12:22,GELADEIRA,4º Comparação,all
Amazonas,33,VENTILADOR,22/08/2018 12:22,GELADEIRA,4º Comparação,all
Bahia,28,VENTILADOR,22/08/2018 12:22,GELADEIRA,4º Comparação,all
Ceará,33,VENTILADOR,22/08/2018 12:22,GELADEIRA,4º Comparação,all
Distrito Federal,19,VENTILADOR,22/08/2018 12:22,GELADEIRA,4º Comparação,all
Espírito Santo,35,VENTILADOR,22/08/2018 12:22,GELADEIRA,4º Comparação,all
Goiás,21,VENTILADOR,22/08/2018 12:22,GELADEIRA,4º Comparação,all
Maranhão,30,VENTILADOR,22/08/2018 12:22,GELADEIRA,4º Comparação,all
Mato Grosso,30,VENTILADOR,22/08/2018 12:22,GELADEIRA,4º Comparação,all
Mato Grosso do Sul,30,VENTILADOR,22/08/2018 12:22,GELADEIRA,4º Comparação,all
Minas Gerais,28,VENTILADOR,22/08/2018 12:22,GELADEIRA,4º Comparação,all
Paraná,23,VENTILADOR,22/08/2018 12:22,GELADEIRA,4º Comparação,all
Paraíba,28,VENTILADOR,22/08/2018 12:22,GELADEIRA,4º Comparação,all
Pará,33,VENTILADOR,22/08/2018 12:22,GELADEIRA,4º Comparação,all
Pernambuco,28,VENTILADOR,22/08/2018 12:22,GELADEIRA,4º Comparação,all
Piauí,35,VENTILADOR,22/08/2018 12:22,GELADEIRA,4º Comparação,all
Rio Grande do Norte,30,VENTILADOR,22/08/2018 12:22,GELADEIRA,4º Comparação,all
Rio Grande do Sul,26,VENTILADOR,22/08/2018 12:22,GELADEIRA,4º Comparação,all
Rio de Janeiro,38,VENTILADOR,22/08/2018 12:22,GELADEIRA,4º Comparação,all
Rondônia,30,VENTILADOR,22/08/2018 12:22,GELADEIRA,4º Comparação,all
Roraima,38,VENTILADOR,22/08/2018 12:22,GELADEIRA,4º Comparação,all
Santa Catarina,19,VENTILADOR,22/08/2018 12:22,GELADEIRA,4º Comparação,all
Sergipe,30,VENTILADOR,22/08/2018 12:22,GELADEIRA,4º Comparação,all
São Paulo,30,VENTILADOR,22/08/2018 12:22,GELADEIRA,4º Comparação,all
Tocantins,26,VENTILADOR,22/08/2018 12:22,GELADEIRA,4º Comparação,all
Acre,38,BRASTEMP,22/08/2018 12:22,GELADEIRA,4º Comparação,all
Alagoas,50,BRASTEMP,22/08/2018 12:22,GELADEIRA,4º Comparação,all
Amapá,28,BRASTEMP,22/08/2018 12:22,GELADEIRA,4º Comparação,all
Amazonas,42,BRASTEMP,22/08/2018 12:22,GELADEIRA,4º Comparação,all
Bahia,52,BRASTEMP,22/08/2018 12:22,GELADEIRA,4º Comparação,all
Ceará,52,BRASTEMP,22/08/2018 12:22,GELADEIRA,4º Comparação,all
Distrito Federal,61,BRASTEMP,22/08/2018 12:22,GELADEIRA,4º Comparação,all
Espírito Santo,47,BRASTEMP,22/08/2018 12:22,GELADEIRA,4º Comparação,all
Goiás,61,BRASTEMP,22/08/2018 12:22,GELADEIRA,4º Comparação,all
Maranhão,50,BRASTEMP,22/08/2018 12:22,GELADEIRA,4º Comparação,all
Mato Grosso,47,BRASTEMP,22/08/2018 12:22,GELADEIRA,4º Comparação,all
Mato Grosso do Sul,45,BRASTEMP,22/08/2018 12:22,GELADEIRA,4º Comparação,all
Minas Gerais,50,BRASTEMP,22/08/2018 12:22,GELADEIRA,4º Comparação,all
Paraná,54,BRASTEMP,22/08/2018 12:22,GELADEIRA,4º Comparação,all
Paraíba,54,BRASTEMP,22/08/2018 12:22,GELADEIRA,4º Comparação,all
Pará,40,BRASTEMP,22/08/2018 12:22,GELADEIRA,4º Comparação,all
Pernambuco,54,BRASTEMP,22/08/2018 12:22,GELADEIRA,4º Comparação,all
Piauí,42,BRASTEMP,22/08/2018 12:22,GELADEIRA,4º Comparação,all
Rio Grande do Norte,52,BRASTEMP,22/08/2018 12:22,GELADEIRA,4º Comparação,all
Rio Grande do Sul,57,BRASTEMP,22/08/2018 12:22,GELADEIRA,4º Comparação,all
Rio de Janeiro,47,BRASTEMP,22/08/2018 12:22,GELADEIRA,4º Comparação,all
Rondônia,40,BRASTEMP,22/08/2018 12:22,GELADEIRA,4º Comparação,all
Roraima,40,BRASTEMP,22/08/2018 12:22,GELADEIRA,4º Comparação,all
Santa Catarina,57,BRASTEMP,22/08/2018 12:22,GELADEIRA,4º Comparação,all
Sergipe,54,BRASTEMP,22/08/2018 12:22,GELADEIRA,4º Comparação,all
São Paulo,59,BRASTEMP,22/08/2018 12:22,GELADEIRA,4º Comparação,all
Tocantins,52,BRASTEMP,22/08/2018 12:22,GELADEIRA,4º Comparação,all
Acre,26,CONSUL,22/08/2018 12:22,GELADEIRA,4º Comparação,all
Alagoas,38,CONSUL,22/08/2018 12:22,GELADEIRA,4º Comparação,all
Amapá,30,CONSUL,22/08/2018 12:22,GELADEIRA,4º Comparação,all
Amazonas,35,CONSUL,22/08/2018 12:22,GELADEIRA,4º Comparação,all
Bahia,35,CONSUL,22/08/2018 12:22,GELADEIRA,4º Comparação,all
Ceará,40,CONSUL,22/08/2018 12:22,GELADEIRA,4º Comparação,all
Distrito Federal,26,CONSUL,22/08/2018 12:22,GELADEIRA,4º Comparação,all
Espírito Santo,28,CONSUL,22/08/2018 12:22,GELADEIRA,4º Comparação,all
Goiás,28,CONSUL,22/08/2018 12:22,GELADEIRA,4º Comparação,all
Maranhão,38,CONSUL,22/08/2018 12:22,GELADEIRA,4º Comparação,all
Mato Grosso,28,CONSUL,22/08/2018 12:22,GELADEIRA,4º Comparação,all
Mato Grosso do Sul,30,CONSUL,22/08/2018 12:22,GELADEIRA,4º Comparação,all
Minas Gerais,33,CONSUL,22/08/2018 12:22,GELADEIRA,4º Comparação,all
Paraná,33,CONSUL,22/08/2018 12:22,GELADEIRA,4º Comparação,all
Paraíba,38,CONSUL,22/08/2018 12:22,GELADEIRA,4º Comparação,all
Pará,33,CONSUL,22/08/2018 12:22,GELADEIRA,4º Comparação,all
Pernambuco,42,CONSUL,22/08/2018 12:22,GELADEIRA,4º Comparação,all
Piauí,47,CONSUL,22/08/2018 12:22,GELADEIRA,4º Comparação,all
Rio Grande do Norte,40,CONSUL,22/08/2018 12:22,GELADEIRA,4º Comparação,all
Rio Grande do Sul,40,CONSUL,22/08/2018 12:22,GELADEIRA,4º Comparação,all
Rio de Janeiro,35,CONSUL,22/08/2018 12:22,GELADEIRA,4º Comparação,all
Rondônia,26,CONSUL,22/08/2018 12:22,GELADEIRA,4º Comparação,all
Roraima,28,CONSUL,22/08/2018 12:22,GELADEIRA,4º Comparação,all
Santa Catarina,47,CONSUL,22/08/2018 12:22,GELADEIRA,4º Comparação,all
Sergipe,35,CONSUL,22/08/2018 12:22,GELADEIRA,4º Comparação,all
São Paulo,26,CONSUL,22/08/2018 12:22,GELADEIRA,4º Comparação,all
Tocantins,33,CONSUL,22/08/2018 12:22,GELADEIRA,4º Comparação,all
Acre,30,GELADEIRA,22/08/2018 12:25,GELADEIRA,5º Comparação,all
Alagoas,38,GELADEIRA,22/08/2018 12:25,GELADEIRA,5º Comparação,all
Amapá,25,GELADEIRA,22/08/2018 12:25,GELADEIRA,5º Comparação,all
Amazonas,25,GELADEIRA,22/08/2018 12:25,GELADEIRA,5º Comparação,all
Bahia,41,GELADEIRA,22/08/2018 12:25,GELADEIRA,5º Comparação,all
Ceará,36,GELADEIRA,22/08/2018 12:25,GELADEIRA,5º Comparação,all
Distrito Federal,47,GELADEIRA,22/08/2018 12:25,GELADEIRA,5º Comparação,all
Espírito Santo,44,GELADEIRA,22/08/2018 12:25,GELADEIRA,5º Comparação,all
Goiás,36,GELADEIRA,22/08/2018 12:25,GELADEIRA,5º Comparação,all
Maranhão,36,GELADEIRA,22/08/2018 12:25,GELADEIRA,5º Comparação,all
Mato Grosso,38,GELADEIRA,22/08/2018 12:25,GELADEIRA,5º Comparação,all
Mato Grosso do Sul,41,GELADEIRA,22/08/2018 12:25,GELADEIRA,5º Comparação,all
Minas Gerais,47,GELADEIRA,22/08/2018 12:25,GELADEIRA,5º Comparação,all
Paraná,44,GELADEIRA,22/08/2018 12:25,GELADEIRA,5º Comparação,all
Paraíba,33,GELADEIRA,22/08/2018 12:25,GELADEIRA,5º Comparação,all
Pará,33,GELADEIRA,22/08/2018 12:25,GELADEIRA,5º Comparação,all
Pernambuco,38,GELADEIRA,22/08/2018 12:25,GELADEIRA,5º Comparação,all
Piauí,33,GELADEIRA,22/08/2018 12:25,GELADEIRA,5º Comparação,all
Rio Grande do Norte,36,GELADEIRA,22/08/2018 12:25,GELADEIRA,5º Comparação,all
Rio Grande do Sul,36,GELADEIRA,22/08/2018 12:25,GELADEIRA,5º Comparação,all
Rio de Janeiro,44,GELADEIRA,22/08/2018 12:25,GELADEIRA,5º Comparação,all
Rondônia,30,GELADEIRA,22/08/2018 12:25,GELADEIRA,5º Comparação,all
Roraima,30,GELADEIRA,22/08/2018 12:25,GELADEIRA,5º Comparação,all
Santa Catarina,44,GELADEIRA,22/08/2018 12:25,GELADEIRA,5º Comparação,all
Sergipe,44,GELADEIRA,22/08/2018 12:25,GELADEIRA,5º Comparação,all
São Paulo,47,GELADEIRA,22/08/2018 12:25,GELADEIRA,5º Comparação,all
Tocantins,41,GELADEIRA,22/08/2018 12:25,GELADEIRA,5º Comparação,all
Acre,80,COMPUTADOR,22/08/2018 12:25,GELADEIRA,5º Comparação,all
Alagoas,80,COMPUTADOR,22/08/2018 12:25,GELADEIRA,5º Comparação,all
Amapá,86,COMPUTADOR,22/08/2018 12:25,GELADEIRA,5º Comparação,all
Amazonas,66,COMPUTADOR,22/08/2018 12:25,GELADEIRA,5º Comparação,all
Bahia,77,COMPUTADOR,22/08/2018 12:25,GELADEIRA,5º Comparação,all
Ceará,77,COMPUTADOR,22/08/2018 12:25,GELADEIRA,5º Comparação,all
Distrito Federal,55,COMPUTADOR,22/08/2018 12:25,GELADEIRA,5º Comparação,all
Espírito Santo,66,COMPUTADOR,22/08/2018 12:25,GELADEIRA,5º Comparação,all
Goiás,75,COMPUTADOR,22/08/2018 12:25,GELADEIRA,5º Comparação,all
Maranhão,83,COMPUTADOR,22/08/2018 12:25,GELADEIRA,5º Comparação,all
Mato Grosso,80,COMPUTADOR,22/08/2018 12:25,GELADEIRA,5º Comparação,all
Mato Grosso do Sul,83,COMPUTADOR,22/08/2018 12:25,GELADEIRA,5º Comparação,all
Minas Gerais,72,COMPUTADOR,22/08/2018 12:25,GELADEIRA,5º Comparação,all
Paraná,72,COMPUTADOR,22/08/2018 12:25,GELADEIRA,5º Comparação,all
Paraíba,72,COMPUTADOR,22/08/2018 12:25,GELADEIRA,5º Comparação,all
Pará,75,COMPUTADOR,22/08/2018 12:25,GELADEIRA,5º Comparação,all
Pernambuco,75,COMPUTADOR,22/08/2018 12:25,GELADEIRA,5º Comparação,all
Piauí,88,COMPUTADOR,22/08/2018 12:25,GELADEIRA,5º Comparação,all
Rio Grande do Norte,80,COMPUTADOR,22/08/2018 12:25,GELADEIRA,5º Comparação,all
Rio Grande do Sul,69,COMPUTADOR,22/08/2018 12:25,GELADEIRA,5º Comparação,all
Rio de Janeiro,61,COMPUTADOR,22/08/2018 12:25,GELADEIRA,5º Comparação,all
Rondônia,83,COMPUTADOR,22/08/2018 12:25,GELADEIRA,5º Comparação,all
Roraima,86,COMPUTADOR,22/08/2018 12:25,GELADEIRA,5º Comparação,all
Santa Catarina,69,COMPUTADOR,22/08/2018 12:25,GELADEIRA,5º Comparação,all
Sergipe,75,COMPUTADOR,22/08/2018 12:25,GELADEIRA,5º Comparação,all
São Paulo,61,COMPUTADOR,22/08/2018 12:25,GELADEIRA,5º Comparação,all
Tocantins,83,COMPUTADOR,22/08/2018 12:25,GELADEIRA,5º Comparação,all
Acre,41,DELL,22/08/2018 12:25,GELADEIRA,5º Comparação,all
Alagoas,33,DELL,22/08/2018 12:25,GELADEIRA,5º Comparação,all
Amapá,36,DELL,22/08/2018 12:25,GELADEIRA,5º Comparação,all
Amazonas,19,DELL,22/08/2018 12:25,GELADEIRA,5º Comparação,all
Bahia,33,DELL,22/08/2018 12:25,GELADEIRA,5º Comparação,all
Ceará,33,DELL,22/08/2018 12:25,GELADEIRA,5º Comparação,all
Distrito Federal,38,DELL,22/08/2018 12:25,GELADEIRA,5º Comparação,all
Espírito Santo,47,DELL,22/08/2018 12:25,GELADEIRA,5º Comparação,all
Goiás,33,DELL,22/08/2018 12:25,GELADEIRA,5º Comparação,all
Maranhão,38,DELL,22/08/2018 12:25,GELADEIRA,5º Comparação,all
Mato Grosso,44,DELL,22/08/2018 12:25,GELADEIRA,5º Comparação,all
Mato Grosso do Sul,36,DELL,22/08/2018 12:25,GELADEIRA,5º Comparação,all
Minas Gerais,38,DELL,22/08/2018 12:25,GELADEIRA,5º Comparação,all
Paraná,33,DELL,22/08/2018 12:25,GELADEIRA,5º Comparação,all
Paraíba,36,DELL,22/08/2018 12:25,GELADEIRA,5º Comparação,all
Pará,33,DELL,22/08/2018 12:25,GELADEIRA,5º Comparação,all
Pernambuco,33,DELL,22/08/2018 12:25,GELADEIRA,5º Comparação,all
Piauí,33,DELL,22/08/2018 12:25,GELADEIRA,5º Comparação,all
Rio Grande do Norte,38,DELL,22/08/2018 12:25,GELADEIRA,5º Comparação,all
Rio Grande do Sul,55,DELL,22/08/2018 12:25,GELADEIRA,5º Comparação,all
Rio de Janeiro,33,DELL,22/08/2018 12:25,GELADEIRA,5º Comparação,all
Rondônia,38,DELL,22/08/2018 12:25,GELADEIRA,5º Comparação,all
Roraima,36,DELL,22/08/2018 12:25,GELADEIRA,5º Comparação,all
Santa Catarina,38,DELL,22/08/2018 12:25,GELADEIRA,5º Comparação,all
Sergipe,36,DELL,22/08/2018 12:25,GELADEIRA,5º Comparação,all
São Paulo,38,DELL,22/08/2018 12:25,GELADEIRA,5º Comparação,all
Tocantins,41,DELL,22/08/2018 12:25,GELADEIRA,5º Comparação,all
Acre,91,SONY,22/08/2018 12:25,GELADEIRA,5º Comparação,all
Alagoas,94,SONY,22/08/2018 12:25,GELADEIRA,5º Comparação,all
Amapá,97,SONY,22/08/2018 12:25,GELADEIRA,5º Comparação,all
Amazonas,80,SONY,22/08/2018 12:25,GELADEIRA,5º Comparação,all
Bahia,100,SONY,22/08/2018 12:25,GELADEIRA,5º Comparação,all
Ceará,94,SONY,22/08/2018 12:25,GELADEIRA,5º Comparação,all
Distrito Federal,77,SONY,22/08/2018 12:25,GELADEIRA,5º Comparação,all
Espírito Santo,91,SONY,22/08/2018 12:25,GELADEIRA,5º Comparação,all
Goiás,97,SONY,22/08/2018 12:25,GELADEIRA,5º Comparação,all
Maranhão,94,SONY,22/08/2018 12:25,GELADEIRA,5º Comparação,all
Mato Grosso,86,SONY,22/08/2018 12:25,GELADEIRA,5º Comparação,all
Mato Grosso do Sul,88,SONY,22/08/2018 12:25,GELADEIRA,5º Comparação,all
Minas Gerais,88,SONY,22/08/2018 12:25,GELADEIRA,5º Comparação,all
Paraná,94,SONY,22/08/2018 12:25,GELADEIRA,5º Comparação,all
Paraíba,100,SONY,22/08/2018 12:25,GELADEIRA,5º Comparação,all
Pará,94,SONY,22/08/2018 12:25,GELADEIRA,5º Comparação,all
Pernambuco,100,SONY,22/08/2018 12:25,GELADEIRA,5º Comparação,all
Piauí,94,SONY,22/08/2018 12:25,GELADEIRA,5º Comparação,all
Rio Grande do Norte,91,SONY,22/08/2018 12:25,GELADEIRA,5º Comparação,all
Rio Grande do Sul,86,SONY,22/08/2018 12:25,GELADEIRA,5º Comparação,all
Rio de Janeiro,94,SONY,22/08/2018 12:25,GELADEIRA,5º Comparação,all
Rondônia,91,SONY,22/08/2018 12:25,GELADEIRA,5º Comparação,all
Roraima,86,SONY,22/08/2018 12:25,GELADEIRA,5º Comparação,all
Santa Catarina,91,SONY,22/08/2018 12:25,GELADEIRA,5º Comparação,all
Sergipe,94,SONY,22/08/2018 12:25,GELADEIRA,5º Comparação,all
São Paulo,88,SONY,22/08/2018 12:25,GELADEIRA,5º Comparação,all
Tocantins,88,SONY,22/08/2018 12:25,GELADEIRA,5º Comparação,all
Acre,33,AMAZON,22/08/2018 12:25,GELADEIRA,5º Comparação,all
Alagoas,30,AMAZON,22/08/2018 12:25,GELADEIRA,5º Comparação,all
Amapá,33,AMAZON,22/08/2018 12:25,GELADEIRA,5º Comparação,all
Amazonas,86,AMAZON,22/08/2018 12:25,GELADEIRA,5º Comparação,all
Bahia,25,AMAZON,22/08/2018 12:25,GELADEIRA,5º Comparação,all
Ceará,36,AMAZON,22/08/2018 12:25,GELADEIRA,5º Comparação,all
Distrito Federal,58,AMAZON,22/08/2018 12:25,GELADEIRA,5º Comparação,all
Espírito Santo,27,AMAZON,22/08/2018 12:25,GELADEIRA,5º Comparação,all
Goiás,36,AMAZON,22/08/2018 12:25,GELADEIRA,5º Comparação,all
Maranhão,25,AMAZON,22/08/2018 12:25,GELADEIRA,5º Comparação,all
Mato Grosso,27,AMAZON,22/08/2018 12:25,GELADEIRA,5º Comparação,all
Mato Grosso do Sul,27,AMAZON,22/08/2018 12:25,GELADEIRA,5º Comparação,all
Minas Gerais,30,AMAZON,22/08/2018 12:25,GELADEIRA,5º Comparação,all
Paraná,33,AMAZON,22/08/2018 12:25,GELADEIRA,5º Comparação,all
Paraíba,36,AMAZON,22/08/2018 12:25,GELADEIRA,5º Comparação,all
Pará,41,AMAZON,22/08/2018 12:25,GELADEIRA,5º Comparação,all
Pernambuco,30,AMAZON,22/08/2018 12:25,GELADEIRA,5º Comparação,all
Piauí,27,AMAZON,22/08/2018 12:25,GELADEIRA,5º Comparação,all
Rio Grande do Norte,30,AMAZON,22/08/2018 12:25,GELADEIRA,5º Comparação,all
Rio Grande do Sul,30,AMAZON,22/08/2018 12:25,GELADEIRA,5º Comparação,all
Rio de Janeiro,44,AMAZON,22/08/2018 12:25,GELADEIRA,5º Comparação,all
Rondônia,33,AMAZON,22/08/2018 12:25,GELADEIRA,5º Comparação,all
Roraima,38,AMAZON,22/08/2018 12:25,GELADEIRA,5º Comparação,all
Santa Catarina,33,AMAZON,22/08/2018 12:25,GELADEIRA,5º Comparação,all
Sergipe,27,AMAZON,22/08/2018 12:25,GELADEIRA,5º Comparação,all
São Paulo,41,AMAZON,22/08/2018 12:25,GELADEIRA,5º Comparação,all
Tocantins,22,AMAZON,22/08/2018 12:25,GELADEIRA,5º Comparação,all
Acre,26,GELADEIRA,22/08/2018 12:28,GELADEIRA,6º Comparação,all
Alagoas,22,GELADEIRA,22/08/2018 12:28,GELADEIRA,6º Comparação,all
Amapá,19,GELADEIRA,22/08/2018 12:28,GELADEIRA,6º Comparação,all
Amazonas,32,GELADEIRA,22/08/2018 12:28,GELADEIRA,6º Comparação,all
Bahia,24,GELADEIRA,22/08/2018 12:28,GELADEIRA,6º Comparação,all
Ceará,20,GELADEIRA,22/08/2018 12:28,GELADEIRA,6º Comparação,all
Distrito Federal,38,GELADEIRA,22/08/2018 12:28,GELADEIRA,6º Comparação,all
Espírito Santo,30,GELADEIRA,22/08/2018 12:28,GELADEIRA,6º Comparação,all
Goiás,29,GELADEIRA,22/08/2018 12:28,GELADEIRA,6º Comparação,all
Maranhão,14,GELADEIRA,22/08/2018 12:28,GELADEIRA,6º Comparação,all
Mato Grosso,33,GELADEIRA,22/08/2018 12:28,GELADEIRA,6º Comparação,all
Mato Grosso do Sul,38,GELADEIRA,22/08/2018 12:28,GELADEIRA,6º Comparação,all
Minas Gerais,32,GELADEIRA,22/08/2018 12:28,GELADEIRA,6º Comparação,all
Paraná,41,GELADEIRA,22/08/2018 12:28,GELADEIRA,6º Comparação,all
Paraíba,25,GELADEIRA,22/08/2018 12:28,GELADEIRA,6º Comparação,all
Pará,12,GELADEIRA,22/08/2018 12:28,GELADEIRA,6º Comparação,all
Pernambuco,22,GELADEIRA,22/08/2018 12:28,GELADEIRA,6º Comparação,all
Piauí,19,GELADEIRA,22/08/2018 12:28,GELADEIRA,6º Comparação,all
Rio Grande do Norte,21,GELADEIRA,22/08/2018 12:28,GELADEIRA,6º Comparação,all
Rio Grande do Sul,34,GELADEIRA,22/08/2018 12:28,GELADEIRA,6º Comparação,all
Rio de Janeiro,24,GELADEIRA,22/08/2018 12:28,GELADEIRA,6º Comparação,all
Rondônia,28,GELADEIRA,22/08/2018 12:28,GELADEIRA,6º Comparação,all
Roraima,21,GELADEIRA,22/08/2018 12:28,GELADEIRA,6º Comparação,all
Santa Catarina,44,GELADEIRA,22/08/2018 12:28,GELADEIRA,6º Comparação,all
Sergipe,28,GELADEIRA,22/08/2018 12:28,GELADEIRA,6º Comparação,all
São Paulo,39,GELADEIRA,22/08/2018 12:28,GELADEIRA,6º Comparação,all
Tocantins,19,GELADEIRA,22/08/2018 12:28,GELADEIRA,6º Comparação,all
Acre,85,LOJAS AMERICANAS,22/08/2018 12:28,GELADEIRA,6º Comparação,all
Alagoas,89,LOJAS AMERICANAS,22/08/2018 12:28,GELADEIRA,6º Comparação,all
Amapá,93,LOJAS AMERICANAS,22/08/2018 12:28,GELADEIRA,6º Comparação,all
Amazonas,79,LOJAS AMERICANAS,22/08/2018 12:28,GELADEIRA,6º Comparação,all
Bahia,87,LOJAS AMERICANAS,22/08/2018 12:28,GELADEIRA,6º Comparação,all
Ceará,92,LOJAS AMERICANAS,22/08/2018 12:28,GELADEIRA,6º Comparação,all
Distrito Federal,74,LOJAS AMERICANAS,22/08/2018 12:28,GELADEIRA,6º Comparação,all
Espírito Santo,82,LOJAS AMERICANAS,22/08/2018 12:28,GELADEIRA,6º Comparação,all
Goiás,83,LOJAS AMERICANAS,22/08/2018 12:28,GELADEIRA,6º Comparação,all
Maranhão,97,LOJAS AMERICANAS,22/08/2018 12:28,GELADEIRA,6º Comparação,all
Mato Grosso,78,LOJAS AMERICANAS,22/08/2018 12:28,GELADEIRA,6º Comparação,all
Mato Grosso do Sul,74,LOJAS AMERICANAS,22/08/2018 12:28,GELADEIRA,6º Comparação,all
Minas Gerais,79,LOJAS AMERICANAS,22/08/2018 12:28,GELADEIRA,6º Comparação,all
Paraná,70,LOJAS AMERICANAS,22/08/2018 12:28,GELADEIRA,6º Comparação,all
Paraíba,86,LOJAS AMERICANAS,22/08/2018 12:28,GELADEIRA,6º Comparação,all
Pará,100,LOJAS AMERICANAS,22/08/2018 12:28,GELADEIRA,6º Comparação,all
Pernambuco,89,LOJAS AMERICANAS,22/08/2018 12:28,GELADEIRA,6º Comparação,all
Piauí,93,LOJAS AMERICANAS,22/08/2018 12:28,GELADEIRA,6º Comparação,all
Rio Grande do Norte,91,LOJAS AMERICANAS,22/08/2018 12:28,GELADEIRA,6º Comparação,all
Rio Grande do Sul,77,LOJAS AMERICANAS,22/08/2018 12:28,GELADEIRA,6º Comparação,all
Rio de Janeiro,87,LOJAS AMERICANAS,22/08/2018 12:28,GELADEIRA,6º Comparação,all
Rondônia,84,LOJAS AMERICANAS,22/08/2018 12:28,GELADEIRA,6º Comparação,all
Roraima,91,LOJAS AMERICANAS,22/08/2018 12:28,GELADEIRA,6º Comparação,all
Santa Catarina,67,LOJAS AMERICANAS,22/08/2018 12:28,GELADEIRA,6º Comparação,all
Sergipe,84,LOJAS AMERICANAS,22/08/2018 12:28,GELADEIRA,6º Comparação,all
São Paulo,73,LOJAS AMERICANAS,22/08/2018 12:28,GELADEIRA,6º Comparação,all
Tocantins,93,LOJAS AMERICANAS,22/08/2018 12:28,GELADEIRA,6º Comparação,all
