Top,Values,Consultas Relacionadas,Termo Buscado,Tipo,Data de Extração,Periodo
0,100,brastemp,GELADEIRA,Principais,22/08/2018 12:35,all
1,99,geladeira brastemp,GELADEIRA,Principais,22/08/2018 12:35,all
2,74,geladeira frost free,GELADEIRA,Principais,22/08/2018 12:35,all
3,65,electrolux geladeira,GELADEIRA,Principais,22/08/2018 12:35,all
4,64,electrolux,GELADEIRA,Principais,22/08/2018 12:35,all
5,62,geladeira inox,GELADEIRA,Principais,22/08/2018 12:35,all
6,59,consul,GELADEIRA,Principais,22/08/2018 12:35,all
7,59,geladeira consul,GELADEIRA,Principais,22/08/2018 12:35,all
8,36,geladeira eletrolux,GELADEIRA,Principais,22/08/2018 12:35,all
9,36,eletrolux,GELADEIRA,Principais,22/08/2018 12:35,all
10,28,preço geladeira,GELADEIRA,Principais,22/08/2018 12:35,all
11,27,refrigerador,GELADEIRA,Principais,22/08/2018 12:35,all
12,25,casas bahia geladeira,GELADEIRA,Principais,22/08/2018 12:35,all
13,24,geladeira inverse,GELADEIRA,Principais,22/08/2018 12:35,all
14,23,geladeira duplex,GELADEIRA,Principais,22/08/2018 12:35,all
15,20,olx geladeira,GELADEIRA,Principais,22/08/2018 12:35,all
16,19,pudim de geladeira,GELADEIRA,Principais,22/08/2018 12:35,all
17,19,geladeira frost free brastemp,GELADEIRA,Principais,22/08/2018 12:35,all
18,18,fogão,GELADEIRA,Principais,22/08/2018 12:35,all
19,17,geladeira de inox,GELADEIRA,Principais,22/08/2018 12:35,all
20,17,geladeira inox brastemp,GELADEIRA,Principais,22/08/2018 12:35,all
21,16,geladeiras,GELADEIRA,Principais,22/08/2018 12:35,all
22,16,geladeira usada,GELADEIRA,Principais,22/08/2018 12:35,all
23,15,preço de geladeira,GELADEIRA,Principais,22/08/2018 12:35,all
24,15,continental,GELADEIRA,Principais,22/08/2018 12:35,all
0,720550,geladeira inox,GELADEIRA,Em Ascensão,22/08/2018 12:35,all
1,689550,consul,GELADEIRA,Em Ascensão,22/08/2018 12:35,all
2,684950,geladeira consul,GELADEIRA,Em Ascensão,22/08/2018 12:35,all
3,278500,geladeira inverse,GELADEIRA,Em Ascensão,22/08/2018 12:35,all
4,235500,olx geladeira,GELADEIRA,Em Ascensão,22/08/2018 12:35,all
5,226900,pudim de geladeira,GELADEIRA,Em Ascensão,22/08/2018 12:35,all
6,196700,geladeira de inox,GELADEIRA,Em Ascensão,22/08/2018 12:35,all
7,196600,geladeira inox brastemp,GELADEIRA,Em Ascensão,22/08/2018 12:35,all
8,183900,geladeira usada,GELADEIRA,Em Ascensão,22/08/2018 12:35,all
9,174600,continental,GELADEIRA,Em Ascensão,22/08/2018 12:35,all
10,172200,geladeira frost free consul,GELADEIRA,Em Ascensão,22/08/2018 12:35,all
11,170300,geladeira inverse brastemp,GELADEIRA,Em Ascensão,22/08/2018 12:35,all
12,167350,promoção geladeira,GELADEIRA,Em Ascensão,22/08/2018 12:35,all
13,160950,geladeira continental,GELADEIRA,Em Ascensão,22/08/2018 12:35,all
14,160450,geladeira electrolux frost free,GELADEIRA,Em Ascensão,22/08/2018 12:35,all
15,160400,geladeira magazine luiza,GELADEIRA,Em Ascensão,22/08/2018 12:35,all
16,159900,magazine luiza geladeira,GELADEIRA,Em Ascensão,22/08/2018 12:35,all
17,154050,comprar geladeira,GELADEIRA,Em Ascensão,22/08/2018 12:35,all
18,142000,conserto geladeira,GELADEIRA,Em Ascensão,22/08/2018 12:35,all
19,141100,geladeira ponto frio,GELADEIRA,Em Ascensão,22/08/2018 12:35,all
20,136650,geladeira inox electrolux,GELADEIRA,Em Ascensão,22/08/2018 12:35,all
21,134450,geladeira ricardo eletro,GELADEIRA,Em Ascensão,22/08/2018 12:35,all
22,133300,fogao,GELADEIRA,Em Ascensão,22/08/2018 12:35,all
23,131850,geladeira frost free inox,GELADEIRA,Em Ascensão,22/08/2018 12:35,all
24,130600,panasonic geladeira,GELADEIRA,Em Ascensão,22/08/2018 12:35,all
0,100,fogão 4 bocas,FOGÃO,Principais,22/08/2018 12:35,all
1,73,fogão 5 bocas,FOGÃO,Principais,22/08/2018 12:35,all
2,54,brastemp fogão,FOGÃO,Principais,22/08/2018 12:35,all
3,52,brastemp,FOGÃO,Principais,22/08/2018 12:35,all
4,51,fogao,FOGÃO,Principais,22/08/2018 12:35,all
5,46,fogão a lenha,FOGÃO,Principais,22/08/2018 12:35,all
6,41,fogão inox,FOGÃO,Principais,22/08/2018 12:35,all
7,40,fogão electrolux,FOGÃO,Principais,22/08/2018 12:35,all
8,39,electrolux,FOGÃO,Principais,22/08/2018 12:35,all
9,39,cooktop,FOGÃO,Principais,22/08/2018 12:35,all
10,37,fogão cooktop,FOGÃO,Principais,22/08/2018 12:35,all
11,32,fogão de 4 bocas,FOGÃO,Principais,22/08/2018 12:35,all
12,31,fogão embutir,FOGÃO,Principais,22/08/2018 12:35,all
13,26,fogão 6 bocas,FOGÃO,Principais,22/08/2018 12:35,all
14,26,fogão de lenha,FOGÃO,Principais,22/08/2018 12:35,all
15,25,fogão de embutir,FOGÃO,Principais,22/08/2018 12:35,all
16,24,fogão de 5 bocas,FOGÃO,Principais,22/08/2018 12:35,all
17,24,fogão preço,FOGÃO,Principais,22/08/2018 12:35,all
18,23,fogão industrial,FOGÃO,Principais,22/08/2018 12:35,all
19,22,casas bahia fogão,FOGÃO,Principais,22/08/2018 12:35,all
20,21,consul,FOGÃO,Principais,22/08/2018 12:35,all
21,20,geladeira,FOGÃO,Principais,22/08/2018 12:35,all
22,20,fogão consul,FOGÃO,Principais,22/08/2018 12:35,all
23,17,fogão 4 bocas brastemp,FOGÃO,Principais,22/08/2018 12:35,all
24,15,fogão 5 bocas brastemp,FOGÃO,Principais,22/08/2018 12:35,all
0,749550,fogão electrolux,FOGÃO,Em Ascensão,22/08/2018 12:35,all
1,730150,electrolux,FOGÃO,Em Ascensão,22/08/2018 12:35,all
2,729200,cooktop,FOGÃO,Em Ascensão,22/08/2018 12:35,all
3,698000,fogão cooktop,FOGÃO,Em Ascensão,22/08/2018 12:35,all
4,611050,fogão de 4 bocas,FOGÃO,Em Ascensão,22/08/2018 12:35,all
5,460350,fogão de 5 bocas,FOGÃO,Em Ascensão,22/08/2018 12:35,all
6,448200,fogão preço,FOGÃO,Em Ascensão,22/08/2018 12:35,all
7,394150,consul,FOGÃO,Em Ascensão,22/08/2018 12:35,all
8,290500,fogão 5 bocas brastemp,FOGÃO,Em Ascensão,22/08/2018 12:35,all
9,286550,fogão de mesa,FOGÃO,Em Ascensão,22/08/2018 12:35,all
10,285350,fogão inox 4 bocas,FOGÃO,Em Ascensão,22/08/2018 12:35,all
11,263300,fogão electrolux 4 bocas,FOGÃO,Em Ascensão,22/08/2018 12:35,all
12,257500,fogão inox 5 bocas,FOGÃO,Em Ascensão,22/08/2018 12:35,all
13,254300,fogao 4 bocas,FOGÃO,Em Ascensão,22/08/2018 12:35,all
14,250350,fogão 5 bocas electrolux,FOGÃO,Em Ascensão,22/08/2018 12:35,all
15,226550,churrasqueira,FOGÃO,Em Ascensão,22/08/2018 12:35,all
16,221650,magazine luiza fogão,FOGÃO,Em Ascensão,22/08/2018 12:35,all
17,214000,fogão cooktop 5 bocas,FOGÃO,Em Ascensão,22/08/2018 12:35,all
18,207400,cooktop 5 bocas,FOGÃO,Em Ascensão,22/08/2018 12:35,all
19,194850,fogao 5 bocas,FOGÃO,Em Ascensão,22/08/2018 12:35,all
20,170550,fogão dako,FOGÃO,Em Ascensão,22/08/2018 12:35,all
21,170500,fogão esmaltec,FOGÃO,Em Ascensão,22/08/2018 12:35,all
22,168500,fogão promoção,FOGÃO,Em Ascensão,22/08/2018 12:35,all
23,154000,fogão consul 4 bocas,FOGÃO,Em Ascensão,22/08/2018 12:35,all
24,146350,fogao electrolux,FOGÃO,Em Ascensão,22/08/2018 12:35,all
0,100,ventilador teto,VENTILADOR,Principais,22/08/2018 12:35,all
1,92,ventilador de teto,VENTILADOR,Principais,22/08/2018 12:35,all
2,36,arno,VENTILADOR,Principais,22/08/2018 12:35,all
3,34,ventilador arno,VENTILADOR,Principais,22/08/2018 12:35,all
4,21,ventilador parede,VENTILADOR,Principais,22/08/2018 12:35,all
5,19,ventilador de parede,VENTILADOR,Principais,22/08/2018 12:35,all
6,15,ventilador turbo,VENTILADOR,Principais,22/08/2018 12:35,all
7,13,ventilador preço,VENTILADOR,Principais,22/08/2018 12:35,all
8,12,ventiladores,VENTILADOR,Principais,22/08/2018 12:35,all
9,12,ventilador coluna,VENTILADOR,Principais,22/08/2018 12:35,all
10,12,ventilador ar condicionado,VENTILADOR,Principais,22/08/2018 12:35,all
11,12,controle remoto ventilador,VENTILADOR,Principais,22/08/2018 12:35,all
12,11,ventilador mesa,VENTILADOR,Principais,22/08/2018 12:35,all
13,11,ar condicionado,VENTILADOR,Principais,22/08/2018 12:35,all
14,10,ventilador de mesa,VENTILADOR,Principais,22/08/2018 12:35,all
15,10,controle de ventilador de teto,VENTILADOR,Principais,22/08/2018 12:35,all
16,10,motor ventilador,VENTILADOR,Principais,22/08/2018 12:35,all
17,9,ventilador mondial,VENTILADOR,Principais,22/08/2018 12:35,all
18,9,ventilador teto controle remoto,VENTILADOR,Principais,22/08/2018 12:35,all
19,9,ventilador turbo arno,VENTILADOR,Principais,22/08/2018 12:35,all
20,9,mondial,VENTILADOR,Principais,22/08/2018 12:35,all
21,9,preço de ventilador,VENTILADOR,Principais,22/08/2018 12:35,all
22,9,ventilador de coluna,VENTILADOR,Principais,22/08/2018 12:35,all
23,8,ventilador de teto controle remoto,VENTILADOR,Principais,22/08/2018 12:35,all
24,8,casas bahia ventilador,VENTILADOR,Principais,22/08/2018 12:35,all
0,408600,ventilador turbo,VENTILADOR,Em Ascensão,22/08/2018 12:35,all
1,363950,ventilador preço,VENTILADOR,Em Ascensão,22/08/2018 12:35,all
2,328750,ventilador coluna,VENTILADOR,Em Ascensão,22/08/2018 12:35,all
3,326300,ventilador ar condicionado,VENTILADOR,Em Ascensão,22/08/2018 12:35,all
4,316350,ventilador mesa,VENTILADOR,Em Ascensão,22/08/2018 12:35,all
5,289600,ventilador de mesa,VENTILADOR,Em Ascensão,22/08/2018 12:35,all
6,278900,motor ventilador,VENTILADOR,Em Ascensão,22/08/2018 12:35,all
7,256400,ventilador mondial,VENTILADOR,Em Ascensão,22/08/2018 12:35,all
8,250750,ventilador turbo arno,VENTILADOR,Em Ascensão,22/08/2018 12:35,all
9,247300,mondial,VENTILADOR,Em Ascensão,22/08/2018 12:35,all
10,241400,preço de ventilador,VENTILADOR,Em Ascensão,22/08/2018 12:35,all
11,237150,ventilador de coluna,VENTILADOR,Em Ascensão,22/08/2018 12:35,all
12,215450,casas bahia ventilador,VENTILADOR,Em Ascensão,22/08/2018 12:35,all
13,208400,ventilador com controle remoto,VENTILADOR,Em Ascensão,22/08/2018 12:35,all
14,206850,instalar ventilador de teto,VENTILADOR,Em Ascensão,22/08/2018 12:35,all
15,201650,capacitor,VENTILADOR,Em Ascensão,22/08/2018 12:35,all
16,199350,ventilador 40cm,VENTILADOR,Em Ascensão,22/08/2018 12:35,all
17,197250,ventilador americanas,VENTILADOR,Em Ascensão,22/08/2018 12:35,all
18,193450,ventilador de teto com controle,VENTILADOR,Em Ascensão,22/08/2018 12:35,all
19,187150,ventilador ventisol,VENTILADOR,Em Ascensão,22/08/2018 12:35,all
20,184500,ventisol,VENTILADOR,Em Ascensão,22/08/2018 12:35,all
21,182350,ventilador britania,VENTILADOR,Em Ascensão,22/08/2018 12:35,all
22,175350,ventilador turbo silencio,VENTILADOR,Em Ascensão,22/08/2018 12:35,all
23,171900,como instalar ventilador de teto,VENTILADOR,Em Ascensão,22/08/2018 12:35,all
24,160350,ventilador arno turbo silencio,VENTILADOR,Em Ascensão,22/08/2018 12:35,all
0,100,brastemp geladeira,BRASTEMP,Principais,22/08/2018 12:35,all
1,97,geladeira,BRASTEMP,Principais,22/08/2018 12:35,all
2,68,maquina brastemp,BRASTEMP,Principais,22/08/2018 12:35,all
3,59,maquina lavar brastemp,BRASTEMP,Principais,22/08/2018 12:35,all
4,56,brastemp maquina de lavar,BRASTEMP,Principais,22/08/2018 12:35,all
5,55,maquina de lavar,BRASTEMP,Principais,22/08/2018 12:35,all
6,52,brastemp ative,BRASTEMP,Principais,22/08/2018 12:35,all
7,50,fogão brastemp,BRASTEMP,Principais,22/08/2018 12:35,all
8,50,fogão,BRASTEMP,Principais,22/08/2018 12:35,all
9,44,lavadora brastemp,BRASTEMP,Principais,22/08/2018 12:35,all
10,36,microondas,BRASTEMP,Principais,22/08/2018 12:35,all
11,36,microondas brastemp,BRASTEMP,Principais,22/08/2018 12:35,all
12,32,forno brastemp,BRASTEMP,Principais,22/08/2018 12:35,all
13,29,brastemp frost free,BRASTEMP,Principais,22/08/2018 12:35,all
14,28,refrigerador brastemp,BRASTEMP,Principais,22/08/2018 12:35,all
15,28,electrolux,BRASTEMP,Principais,22/08/2018 12:35,all
16,27,refrigerador,BRASTEMP,Principais,22/08/2018 12:35,all
17,27,brastemp assistencia,BRASTEMP,Principais,22/08/2018 12:35,all
18,26,brastemp inverse,BRASTEMP,Principais,22/08/2018 12:35,all
19,25,inverse brastemp,BRASTEMP,Principais,22/08/2018 12:35,all
20,24,fogao,BRASTEMP,Principais,22/08/2018 12:35,all
21,24,fogao brastemp,BRASTEMP,Principais,22/08/2018 12:35,all
22,23,consul,BRASTEMP,Principais,22/08/2018 12:35,all
23,23,brastemp clean,BRASTEMP,Principais,22/08/2018 12:35,all
24,22,brastemp 11kg,BRASTEMP,Principais,22/08/2018 12:35,all
0,933500,maquina lavar brastemp,BRASTEMP,Em Ascensão,22/08/2018 12:35,all
1,828650,brastemp ative,BRASTEMP,Em Ascensão,22/08/2018 12:35,all
2,411700,brastemp inverse,BRASTEMP,Em Ascensão,22/08/2018 12:35,all
3,396350,inverse brastemp,BRASTEMP,Em Ascensão,22/08/2018 12:35,all
4,363350,brastemp clean,BRASTEMP,Em Ascensão,22/08/2018 12:35,all
5,355350,brastemp 11kg,BRASTEMP,Em Ascensão,22/08/2018 12:35,all
6,340650,assistencia tecnica,BRASTEMP,Em Ascensão,22/08/2018 12:35,all
7,311050,cooktop,BRASTEMP,Em Ascensão,22/08/2018 12:35,all
8,305600,geladeira frost free brastemp,BRASTEMP,Em Ascensão,22/08/2018 12:35,all
9,289550,geladeira frost free,BRASTEMP,Em Ascensão,22/08/2018 12:35,all
10,255500,geladeira brastemp inox,BRASTEMP,Em Ascensão,22/08/2018 12:35,all
11,246450,brastemp agua,BRASTEMP,Em Ascensão,22/08/2018 12:35,all
12,243700,geladeira inox,BRASTEMP,Em Ascensão,22/08/2018 12:35,all
13,237750,geladeira brastemp inverse,BRASTEMP,Em Ascensão,22/08/2018 12:35,all
14,226250,geladeira inverse,BRASTEMP,Em Ascensão,22/08/2018 12:35,all
15,223700,fogão brastemp 5 bocas,BRASTEMP,Em Ascensão,22/08/2018 12:35,all
16,212000,fogão 5 bocas,BRASTEMP,Em Ascensão,22/08/2018 12:35,all
17,209800,forno embutir brastemp,BRASTEMP,Em Ascensão,22/08/2018 12:35,all
18,187250,forno de embutir brastemp,BRASTEMP,Em Ascensão,22/08/2018 12:35,all
19,184500,forno de embutir,BRASTEMP,Em Ascensão,22/08/2018 12:35,all
20,162800,frigobar,BRASTEMP,Em Ascensão,22/08/2018 12:35,all
21,159250,maquina de lavar roupa,BRASTEMP,Em Ascensão,22/08/2018 12:35,all
22,154400,brastemp ative geladeira,BRASTEMP,Em Ascensão,22/08/2018 12:35,all
23,154050,maquina brastemp 11kg,BRASTEMP,Em Ascensão,22/08/2018 12:35,all
24,151650,maquina de lavar roupa brastemp,BRASTEMP,Em Ascensão,22/08/2018 12:35,all
0,100,geladeira,CONSUL,Principais,22/08/2018 12:35,all
1,99,consul geladeira,CONSUL,Principais,22/08/2018 12:35,all
2,82,ar consul,CONSUL,Principais,22/08/2018 12:35,all
3,57,consul ar condicionado,CONSUL,Principais,22/08/2018 12:35,all
4,56,ar condicionado,CONSUL,Principais,22/08/2018 12:35,all
5,40,consul facilite,CONSUL,Principais,22/08/2018 12:35,all
6,40,brastemp,CONSUL,Principais,22/08/2018 12:35,all
7,38,consul frost free,CONSUL,Principais,22/08/2018 12:35,all
8,36,brastemp consul,CONSUL,Principais,22/08/2018 12:35,all
9,33,refrigerador consul,CONSUL,Principais,22/08/2018 12:35,all
10,33,refrigerador,CONSUL,Principais,22/08/2018 12:35,all
11,31,consul fogão,CONSUL,Principais,22/08/2018 12:35,all
12,31,fogão,CONSUL,Principais,22/08/2018 12:35,all
13,29,maquina de lavar,CONSUL,Principais,22/08/2018 12:35,all
14,28,lavadora consul,CONSUL,Principais,22/08/2018 12:35,all
15,27,maquina de lavar consul,CONSUL,Principais,22/08/2018 12:35,all
16,26,consul bem estar,CONSUL,Principais,22/08/2018 12:35,all
17,25,climatizador consul,CONSUL,Principais,22/08/2018 12:35,all
18,25,electrolux,CONSUL,Principais,22/08/2018 12:35,all
19,24,climatizador,CONSUL,Principais,22/08/2018 12:35,all
20,24,geladeira frost free,CONSUL,Principais,22/08/2018 12:35,all
21,23,microondas consul,CONSUL,Principais,22/08/2018 12:35,all
22,23,microondas,CONSUL,Principais,22/08/2018 12:35,all
23,23,geladeira consul frost free,CONSUL,Principais,22/08/2018 12:35,all
24,23,freezer,CONSUL,Principais,22/08/2018 12:35,all
0,1625050,geladeira,CONSUL,Em Ascensão,22/08/2018 12:35,all
1,1603800,consul geladeira,CONSUL,Em Ascensão,22/08/2018 12:35,all
2,657100,consul facilite,CONSUL,Em Ascensão,22/08/2018 12:35,all
3,588850,brastemp consul,CONSUL,Em Ascensão,22/08/2018 12:35,all
4,499550,consul fogão,CONSUL,Em Ascensão,22/08/2018 12:35,all
5,498600,fogão,CONSUL,Em Ascensão,22/08/2018 12:35,all
6,478450,maquina de lavar,CONSUL,Em Ascensão,22/08/2018 12:35,all
7,449300,lavadora consul,CONSUL,Em Ascensão,22/08/2018 12:35,all
8,437600,maquina de lavar consul,CONSUL,Em Ascensão,22/08/2018 12:35,all
9,414800,consul bem estar,CONSUL,Em Ascensão,22/08/2018 12:35,all
10,413100,climatizador consul,CONSUL,Em Ascensão,22/08/2018 12:35,all
11,384700,climatizador,CONSUL,Em Ascensão,22/08/2018 12:35,all
12,381900,geladeira frost free,CONSUL,Em Ascensão,22/08/2018 12:35,all
13,377850,microondas,CONSUL,Em Ascensão,22/08/2018 12:35,all
14,374300,geladeira consul frost free,CONSUL,Em Ascensão,22/08/2018 12:35,all
15,352250,split consul,CONSUL,Em Ascensão,22/08/2018 12:35,all
16,300300,fogao consul,CONSUL,Em Ascensão,22/08/2018 12:35,all
17,297050,purificador consul,CONSUL,Em Ascensão,22/08/2018 12:35,all
18,296450,fogao,CONSUL,Em Ascensão,22/08/2018 12:35,all
19,256000,cervejeira,CONSUL,Em Ascensão,22/08/2018 12:35,all
20,253900,assistencia tecnica,CONSUL,Em Ascensão,22/08/2018 12:35,all
21,249100,filtro consul,CONSUL,Em Ascensão,22/08/2018 12:35,all
22,245550,consul cervejeira,CONSUL,Em Ascensão,22/08/2018 12:35,all
23,231250,frigobar,CONSUL,Em Ascensão,22/08/2018 12:35,all
24,223950,fogão 4 bocas,CONSUL,Em Ascensão,22/08/2018 12:35,all
0,100,meu computador,COMPUTADOR,Principais,22/08/2018 12:35,all
1,77,pc,COMPUTADOR,Principais,22/08/2018 12:35,all
2,39,jogos computador,COMPUTADOR,Principais,22/08/2018 12:35,all
3,25,mesa computador,COMPUTADOR,Principais,22/08/2018 12:35,all
4,24,notebook,COMPUTADOR,Principais,22/08/2018 12:35,all
5,23,jogos de computador,COMPUTADOR,Principais,22/08/2018 12:35,all
6,22,o que é computador,COMPUTADOR,Principais,22/08/2018 12:35,all
7,21,jogos para computador,COMPUTADOR,Principais,22/08/2018 12:35,all
8,17,tela de computador,COMPUTADOR,Principais,22/08/2018 12:35,all
9,15,programa de computador,COMPUTADOR,Principais,22/08/2018 12:35,all
10,15,computadores,COMPUTADOR,Principais,22/08/2018 12:35,all
11,15,teclado computador,COMPUTADOR,Principais,22/08/2018 12:35,all
12,14,teclado,COMPUTADOR,Principais,22/08/2018 12:35,all
13,14,computador de mesa,COMPUTADOR,Principais,22/08/2018 12:35,all
14,13,formatar computador,COMPUTADOR,Principais,22/08/2018 12:35,all
15,13,virus,COMPUTADOR,Principais,22/08/2018 12:35,all
16,13,mesa para computador,COMPUTADOR,Principais,22/08/2018 12:35,all
17,13,monitor,COMPUTADOR,Principais,22/08/2018 12:35,all
18,12,preço computador,COMPUTADOR,Principais,22/08/2018 12:35,all
19,12,monitor computador,COMPUTADOR,Principais,22/08/2018 12:35,all
20,12,computador comprar,COMPUTADOR,Principais,22/08/2018 12:35,all
21,12,jogo de computador,COMPUTADOR,Principais,22/08/2018 12:35,all
22,12,comprar computador,COMPUTADOR,Principais,22/08/2018 12:35,all
23,11,dell,COMPUTADOR,Principais,22/08/2018 12:35,all
24,10,computador hp,COMPUTADOR,Principais,22/08/2018 12:35,all
0,108950,computador hp,COMPUTADOR,Em Ascensão,22/08/2018 12:35,all
1,106900,whatsapp computador,COMPUTADOR,Em Ascensão,22/08/2018 12:35,all
2,100600,computador positivo,COMPUTADOR,Em Ascensão,22/08/2018 12:35,all
3,100050,positivo,COMPUTADOR,Em Ascensão,22/08/2018 12:35,all
4,88050,computador samsung,COMPUTADOR,Em Ascensão,22/08/2018 12:35,all
5,69050,computador gamer,COMPUTADOR,Em Ascensão,22/08/2018 12:35,all
6,66350,computador all in,COMPUTADOR,Em Ascensão,22/08/2018 12:35,all
7,60100,whatsapp no computador,COMPUTADOR,Em Ascensão,22/08/2018 12:35,all
8,59200,computador all in one,COMPUTADOR,Em Ascensão,22/08/2018 12:35,all
9,59150,all in one,COMPUTADOR,Em Ascensão,22/08/2018 12:35,all
10,57650,computador i5,COMPUTADOR,Em Ascensão,22/08/2018 12:35,all
11,54950,computador desktop,COMPUTADOR,Em Ascensão,22/08/2018 12:35,all
12,49850,computador i3,COMPUTADOR,Em Ascensão,22/08/2018 12:35,all
13,48750,computador apple,COMPUTADOR,Em Ascensão,22/08/2018 12:35,all
14,45100,cadeira computador,COMPUTADOR,Em Ascensão,22/08/2018 12:35,all
15,40850,computador i7,COMPUTADOR,Em Ascensão,22/08/2018 12:35,all
16,39450,computador mac,COMPUTADOR,Em Ascensão,22/08/2018 12:35,all
17,35600,whatsapp para computador,COMPUTADOR,Em Ascensão,22/08/2018 12:35,all
18,33400,computador acer,COMPUTADOR,Em Ascensão,22/08/2018 12:35,all
19,30900,computador lenovo,COMPUTADOR,Em Ascensão,22/08/2018 12:35,all
20,30050,caixa de som computador,COMPUTADOR,Em Ascensão,22/08/2018 12:35,all
21,1300,computador de mesa,COMPUTADOR,Em Ascensão,22/08/2018 12:35,all
22,700,notebook,COMPUTADOR,Em Ascensão,22/08/2018 12:35,all
23,550,meu computador,COMPUTADOR,Em Ascensão,22/08/2018 12:35,all
24,450,dell,COMPUTADOR,Em Ascensão,22/08/2018 12:35,all
0,100,dell notebook,DELL,Principais,22/08/2018 12:35,all
1,99,notebook,DELL,Principais,22/08/2018 12:35,all
2,56,dell inspiron,DELL,Principais,22/08/2018 12:35,all
3,25,dell drivers,DELL,Principais,22/08/2018 12:35,all
4,19,driver dell,DELL,Principais,22/08/2018 12:35,all
5,19,dell vostro,DELL,Principais,22/08/2018 12:35,all
6,19,notebook dell inspiron,DELL,Principais,22/08/2018 12:35,all
7,16,dell i5,DELL,Principais,22/08/2018 12:35,all
8,15,hp,DELL,Principais,22/08/2018 12:35,all
9,12,dell suporte,DELL,Principais,22/08/2018 12:35,all
10,12,dell i7,DELL,Principais,22/08/2018 12:35,all
11,12,computador,DELL,Principais,22/08/2018 12:35,all
12,12,computador dell,DELL,Principais,22/08/2018 12:35,all
13,11,intel,DELL,Principais,22/08/2018 12:35,all
14,11,dell latitude,DELL,Principais,22/08/2018 12:35,all
15,9,dell brasil,DELL,Principais,22/08/2018 12:35,all
16,9,bateria dell,DELL,Principais,22/08/2018 12:35,all
17,9,notebook dell i5,DELL,Principais,22/08/2018 12:35,all
18,9,pc dell,DELL,Principais,22/08/2018 12:35,all
19,8,dell i3,DELL,Principais,22/08/2018 12:35,all
20,8,dell xps,DELL,Principais,22/08/2018 12:35,all
21,8,monitor dell,DELL,Principais,22/08/2018 12:35,all
22,8,monitor,DELL,Principais,22/08/2018 12:35,all
23,7,teclado dell,DELL,Principais,22/08/2018 12:35,all
24,7,acer,DELL,Principais,22/08/2018 12:35,all
0,362350,dell vostro,DELL,Em Ascensão,22/08/2018 12:35,all
1,359850,notebook dell inspiron,DELL,Em Ascensão,22/08/2018 12:35,all
2,298900,dell i5,DELL,Em Ascensão,22/08/2018 12:35,all
3,228200,dell i7,DELL,Em Ascensão,22/08/2018 12:35,all
4,204050,intel,DELL,Em Ascensão,22/08/2018 12:35,all
5,181200,bateria dell,DELL,Em Ascensão,22/08/2018 12:35,all
6,175600,notebook dell i5,DELL,Em Ascensão,22/08/2018 12:35,all
7,151850,dell i3,DELL,Em Ascensão,22/08/2018 12:35,all
8,143300,teclado dell,DELL,Em Ascensão,22/08/2018 12:35,all
9,132750,notebook dell i7,DELL,Em Ascensão,22/08/2018 12:35,all
10,131750,dell inspiron 14,DELL,Em Ascensão,22/08/2018 12:35,all
11,127100,notebook i7,DELL,Em Ascensão,22/08/2018 12:35,all
12,119900,lenovo,DELL,Em Ascensão,22/08/2018 12:35,all
13,112150,tablet dell,DELL,Em Ascensão,22/08/2018 12:35,all
14,106000,dell ultrabook,DELL,Em Ascensão,22/08/2018 12:35,all
15,105700,ultrabook,DELL,Em Ascensão,22/08/2018 12:35,all
16,101750,notebook samsung,DELL,Em Ascensão,22/08/2018 12:35,all
17,100850,assistencia dell,DELL,Em Ascensão,22/08/2018 12:35,all
18,93500,loja dell,DELL,Em Ascensão,22/08/2018 12:35,all
19,93250,notebook dell i3,DELL,Em Ascensão,22/08/2018 12:35,all
20,93000,dell 1525,DELL,Em Ascensão,22/08/2018 12:35,all
21,89700,dell inspiron 15,DELL,Em Ascensão,22/08/2018 12:35,all
22,85500,notebook dell vostro,DELL,Em Ascensão,22/08/2018 12:35,all
23,84700,dell core i5,DELL,Em Ascensão,22/08/2018 12:35,all
24,82300,telefone dell,DELL,Em Ascensão,22/08/2018 12:35,all
0,100,xperia sony,SONY,Principais,22/08/2018 12:35,all
1,96,xperia,SONY,Principais,22/08/2018 12:35,all
2,52,sony ericsson,SONY,Principais,22/08/2018 12:35,all
3,44,celular,SONY,Principais,22/08/2018 12:35,all
4,43,sony vegas,SONY,Principais,22/08/2018 12:35,all
5,42,celular sony,SONY,Principais,22/08/2018 12:35,all
6,38,vaio,SONY,Principais,22/08/2018 12:35,all
7,37,sony vaio,SONY,Principais,22/08/2018 12:35,all
8,36,tv sony,SONY,Principais,22/08/2018 12:35,all
9,24,camera sony,SONY,Principais,22/08/2018 12:35,all
10,18,samsung,SONY,Principais,22/08/2018 12:35,all
11,16,sony z3,SONY,Principais,22/08/2018 12:35,all
12,16,celular sony xperia,SONY,Principais,22/08/2018 12:35,all
13,15,notebook sony,SONY,Principais,22/08/2018 12:35,all
14,15,notebook,SONY,Principais,22/08/2018 12:35,all
15,13,lg,SONY,Principais,22/08/2018 12:35,all
16,13,celular sony ericsson,SONY,Principais,22/08/2018 12:35,all
17,13,som sony,SONY,Principais,22/08/2018 12:35,all
18,13,sony bravia,SONY,Principais,22/08/2018 12:35,all
19,12,sony brasil,SONY,Principais,22/08/2018 12:35,all
20,12,sony vegas pro,SONY,Principais,22/08/2018 12:35,all
21,10,sony vaio notebook,SONY,Principais,22/08/2018 12:35,all
22,10,celulares,SONY,Principais,22/08/2018 12:35,all
23,10,celulares sony,SONY,Principais,22/08/2018 12:35,all
24,10,sony xperia z3,SONY,Principais,22/08/2018 12:35,all
0,1755000,xperia sony,SONY,Em Ascensão,22/08/2018 12:35,all
1,1688050,xperia,SONY,Em Ascensão,22/08/2018 12:35,all
2,280350,sony z3,SONY,Em Ascensão,22/08/2018 12:35,all
3,275900,celular sony xperia,SONY,Em Ascensão,22/08/2018 12:35,all
4,222200,sony bravia,SONY,Em Ascensão,22/08/2018 12:35,all
5,172050,sony xperia z3,SONY,Em Ascensão,22/08/2018 12:35,all
6,153000,sony ericsson xperia,SONY,Em Ascensão,22/08/2018 12:35,all
7,151300,sony z2,SONY,Em Ascensão,22/08/2018 12:35,all
8,139950,z1 sony,SONY,Em Ascensão,22/08/2018 12:35,all
9,133700,tv sony bravia,SONY,Em Ascensão,22/08/2018 12:35,all
10,129400,fone sony,SONY,Em Ascensão,22/08/2018 12:35,all
11,124850,sony xperia e,SONY,Em Ascensão,22/08/2018 12:35,all
12,114150,sony m2,SONY,Em Ascensão,22/08/2018 12:35,all
13,98950,sony xperia z2,SONY,Em Ascensão,22/08/2018 12:35,all
14,98700,sony t2,SONY,Em Ascensão,22/08/2018 12:35,all
15,92900,sony xperia z1,SONY,Em Ascensão,22/08/2018 12:35,all
16,81200,sony m4,SONY,Em Ascensão,22/08/2018 12:35,all
17,77600,sony zq,SONY,Em Ascensão,22/08/2018 12:35,all
18,75500,baixar sony vegas,SONY,Em Ascensão,22/08/2018 12:35,all
19,73200,sony xperia c,SONY,Em Ascensão,22/08/2018 12:35,all
20,67300,sony xperia m2,SONY,Em Ascensão,22/08/2018 12:35,all
21,66950,sony z5,SONY,Em Ascensão,22/08/2018 12:35,all
22,66450,fone de ouvido sony,SONY,Em Ascensão,22/08/2018 12:35,all
23,63900,sony 4k,SONY,Em Ascensão,22/08/2018 12:35,all
24,63400,sony xperia l,SONY,Em Ascensão,22/08/2018 12:35,all
0,100,amazon de,AMAZON,Principais,22/08/2018 12:35,all
1,57,amazon brasil,AMAZON,Principais,22/08/2018 12:35,all
2,35,amazon usa,AMAZON,Principais,22/08/2018 12:35,all
3,22,ebay,AMAZON,Principais,22/08/2018 12:35,all
4,17,amazon prime,AMAZON,Principais,22/08/2018 12:35,all
5,16,amazon com,AMAZON,Principais,22/08/2018 12:35,all
6,16,kindle amazon,AMAZON,Principais,22/08/2018 12:35,all
7,15,kindle,AMAZON,Principais,22/08/2018 12:35,all
8,15,amazon livros,AMAZON,Principais,22/08/2018 12:35,all
9,15,saraiva,AMAZON,Principais,22/08/2018 12:35,all
10,14,site amazon,AMAZON,Principais,22/08/2018 12:35,all
11,14,amazon uk,AMAZON,Principais,22/08/2018 12:35,all
12,11,dolar,AMAZON,Principais,22/08/2018 12:35,all
13,11,amazon no brasil,AMAZON,Principais,22/08/2018 12:35,all
14,11,amazon eua,AMAZON,Principais,22/08/2018 12:35,all
15,10,amazon pc,AMAZON,Principais,22/08/2018 12:35,all
16,9,amazon video,AMAZON,Principais,22/08/2018 12:35,all
17,9,loja amazon,AMAZON,Principais,22/08/2018 12:35,all
18,9,livraria amazon,AMAZON,Principais,22/08/2018 12:35,all
19,8,amazon.com,AMAZON,Principais,22/08/2018 12:35,all
20,8,apple,AMAZON,Principais,22/08/2018 12:35,all
21,7,comprar no amazon,AMAZON,Principais,22/08/2018 12:35,all
22,7,amazon br,AMAZON,Principais,22/08/2018 12:35,all
23,7,amazon tv,AMAZON,Principais,22/08/2018 12:35,all
24,7,cultura,AMAZON,Principais,22/08/2018 12:35,all
0,391050,amazon usa,AMAZON,Em Ascensão,22/08/2018 12:35,all
1,244850,ebay,AMAZON,Em Ascensão,22/08/2018 12:35,all
2,191300,amazon prime,AMAZON,Em Ascensão,22/08/2018 12:35,all
3,175100,kindle amazon,AMAZON,Em Ascensão,22/08/2018 12:35,all
4,171050,kindle,AMAZON,Em Ascensão,22/08/2018 12:35,all
5,125400,dolar,AMAZON,Em Ascensão,22/08/2018 12:35,all
6,119900,amazon no brasil,AMAZON,Em Ascensão,22/08/2018 12:35,all
7,118950,amazon eua,AMAZON,Em Ascensão,22/08/2018 12:35,all
8,98150,loja amazon,AMAZON,Em Ascensão,22/08/2018 12:35,all
9,84350,apple,AMAZON,Em Ascensão,22/08/2018 12:35,all
10,73850,aws amazon,AMAZON,Em Ascensão,22/08/2018 12:35,all
11,63500,amazon app,AMAZON,Em Ascensão,22/08/2018 12:35,all
12,49850,amazon prime video,AMAZON,Em Ascensão,22/08/2018 12:35,all
13,46200,amazon cloud,AMAZON,Em Ascensão,22/08/2018 12:35,all
14,40850,amazon print,AMAZON,Em Ascensão,22/08/2018 12:35,all
15,39600,amazon ebook,AMAZON,Em Ascensão,22/08/2018 12:35,all
16,38100,amazon ec2,AMAZON,Em Ascensão,22/08/2018 12:35,all
17,38000,como comprar no amazon,AMAZON,Em Ascensão,22/08/2018 12:35,all
18,37550,cupom amazon,AMAZON,Em Ascensão,22/08/2018 12:35,all
19,1600,amazon brasil,AMAZON,Em Ascensão,22/08/2018 12:35,all
20,650,amazon com,AMAZON,Em Ascensão,22/08/2018 12:35,all
21,550,comprar no amazon,AMAZON,Em Ascensão,22/08/2018 12:35,all
22,500,amazon tv,AMAZON,Em Ascensão,22/08/2018 12:35,all
23,500,amazon uk,AMAZON,Em Ascensão,22/08/2018 12:35,all
24,400,amazon de,AMAZON,Em Ascensão,22/08/2018 12:35,all
0,100,casas bahia,LOJAS AMERICANAS,Principais,22/08/2018 12:35,all
1,67,magazine,LOJAS AMERICANAS,Principais,22/08/2018 12:35,all
2,63,lojas magazine luiza,LOJAS AMERICANAS,Principais,22/08/2018 12:35,all
3,63,magazine luiza,LOJAS AMERICANAS,Principais,22/08/2018 12:35,all
4,54,ponto frio,LOJAS AMERICANAS,Principais,22/08/2018 12:35,all
5,48,extra,LOJAS AMERICANAS,Principais,22/08/2018 12:35,all
6,42,loja,LOJAS AMERICANAS,Principais,22/08/2018 12:35,all
7,41,loja americanas,LOJAS AMERICANAS,Principais,22/08/2018 12:35,all
8,38,ricardo eletro,LOJAS AMERICANAS,Principais,22/08/2018 12:35,all
9,38,americanas celulares,LOJAS AMERICANAS,Principais,22/08/2018 12:35,all
10,37,celulares lojas americanas,LOJAS AMERICANAS,Principais,22/08/2018 12:35,all
11,36,americanas celular,LOJAS AMERICANAS,Principais,22/08/2018 12:35,all
12,35,lojas americanas celular,LOJAS AMERICANAS,Principais,22/08/2018 12:35,all
13,29,submarino,LOJAS AMERICANAS,Principais,22/08/2018 12:35,all
14,28,walmart,LOJAS AMERICANAS,Principais,22/08/2018 12:35,all
15,22,telefone lojas americanas,LOJAS AMERICANAS,Principais,22/08/2018 12:35,all
16,19,lojas americanas tv,LOJAS AMERICANAS,Principais,22/08/2018 12:35,all
17,19,shoptime,LOJAS AMERICANAS,Principais,22/08/2018 12:35,all
18,17,carrefour,LOJAS AMERICANAS,Principais,22/08/2018 12:35,all
19,16,lojas colombo,LOJAS AMERICANAS,Principais,22/08/2018 12:35,all
20,16,site lojas americanas,LOJAS AMERICANAS,Principais,22/08/2018 12:35,all
21,16,colombo,LOJAS AMERICANAS,Principais,22/08/2018 12:35,all
22,16,lojas americanas brinquedos,LOJAS AMERICANAS,Principais,22/08/2018 12:35,all
23,15,lojas americanas online,LOJAS AMERICANAS,Principais,22/08/2018 12:35,all
24,15,lojas cem,LOJAS AMERICANAS,Principais,22/08/2018 12:35,all
0,93850,lojas americanas iphone,LOJAS AMERICANAS,Em Ascensão,22/08/2018 12:35,all
1,87500,www americanas lojas,LOJAS AMERICANAS,Em Ascensão,22/08/2018 12:35,all
2,68950,lojas americanas ofertas,LOJAS AMERICANAS,Em Ascensão,22/08/2018 12:35,all
3,64200,lojas americanas tablet,LOJAS AMERICANAS,Em Ascensão,22/08/2018 12:35,all
4,55200,lojas americanas bh,LOJAS AMERICANAS,Em Ascensão,22/08/2018 12:35,all
5,55150,lojas americanas notebook,LOJAS AMERICANAS,Em Ascensão,22/08/2018 12:35,all
6,48850,casas bahia celulares,LOJAS AMERICANAS,Em Ascensão,22/08/2018 12:35,all
7,47950,compra facil,LOJAS AMERICANAS,Em Ascensão,22/08/2018 12:35,all
8,41450,casas bahia celular,LOJAS AMERICANAS,Em Ascensão,22/08/2018 12:35,all
9,39600,lojas americanas fortaleza,LOJAS AMERICANAS,Em Ascensão,22/08/2018 12:35,all
10,37700,leader,LOJAS AMERICANAS,Em Ascensão,22/08/2018 12:35,all
11,36700,lojas leader,LOJAS AMERICANAS,Em Ascensão,22/08/2018 12:35,all
12,29100,magazine luiza celulares,LOJAS AMERICANAS,Em Ascensão,22/08/2018 12:35,all
13,28900,lojas americanas lista de casamento,LOJAS AMERICANAS,Em Ascensão,22/08/2018 12:35,all
14,26700,www americanas com br lojas,LOJAS AMERICANAS,Em Ascensão,22/08/2018 12:35,all
15,2800,americanas celular,LOJAS AMERICANAS,Em Ascensão,22/08/2018 12:35,all
16,2200,walmart,LOJAS AMERICANAS,Em Ascensão,22/08/2018 12:35,all
17,1950,ricardo eletro,LOJAS AMERICANAS,Em Ascensão,22/08/2018 12:35,all
18,1300,lojas americanas celular,LOJAS AMERICANAS,Em Ascensão,22/08/2018 12:35,all
19,1150,lojas americanas online,LOJAS AMERICANAS,Em Ascensão,22/08/2018 12:35,all
20,1150,celulares lojas americanas,LOJAS AMERICANAS,Em Ascensão,22/08/2018 12:35,all
21,800,telefone lojas americanas,LOJAS AMERICANAS,Em Ascensão,22/08/2018 12:35,all
22,800,americanas celulares,LOJAS AMERICANAS,Em Ascensão,22/08/2018 12:35,all
23,700,lojas cem,LOJAS AMERICANAS,Em Ascensão,22/08/2018 12:35,all
24,700,magazine luiza,LOJAS AMERICANAS,Em Ascensão,22/08/2018 12:35,all
